{
    "addontype": "",
    "cattitle": "Marketing Widgets",
    "name": "bold_price_box",
    "alias": "",
    "title": "Product Box",
    "description": "",
    "config": {
        "options": {
            "enable_items": "false",
            "items_section_title": "",
            "items_section_heading": "",
            "items_title_field": "",
            "path_assets": "bold_price_box",
            "js_as_module": false,
            "addon_icon": "fas fa-store",
            "dynamic_addon": "false",
            "dynamic_post_enable_customfields": "false",
            "dynamic_post_enable_category": "false",
            "description": "",
            "link_resource": "https:\/\/unlimited-elements.com\/docs\/product-carousel\/",
            "link_preview": "https:\/\/unlimited-elements.com\/price-label-product-box-widget-for-elementor\/",
            "show_small_icon": "true",
            "preview_size_unite_selected_text": "Column Size",
            "preview_size": "column",
            "preview_custom_width": "",
            "preview_bgcol": "#ffffff",
            "special": "",
            "special_data": "",
            "is_free_addon": true,
            "is_new_addon": false,
            "is_last_updated": false,
            "is_trending": false
        },
        "params": [
            {
                "type": "uc_image",
                "title": "Image",
                "name": "image",
                "description": "",
                "enable_condition": false,
                "condition_attribute": "",
                "condition_operator": "equal",
                "condition_value": null,
                "default_value": "[url_assets]\/food1.jpg",
                "add_image_sizes": true,
                "__attr_catid__": "cat_general_general"
            },
            {
                "type": "uc_textfield",
                "title": "Price",
                "name": "price",
                "description": "",
                "default_value": "$9",
                "font_editable": false,
                "__attr_catid__": "cat_general_general"
            },
            {
                "type": "uc_textfield",
                "title": "Title",
                "name": "title",
                "description": "",
                "default_value": "Default Title",
                "font_editable": false,
                "__attr_catid__": "cat_general_general"
            },
            {
                "type": "uc_textarea",
                "title": "Text",
                "name": "text",
                "description": "",
                "default_value": "Lorem ipsum dolor sit amet, consectetuer adipiscing elit. Curabitur pellentesque neque eget diam.",
                "font_editable": false,
                "__attr_catid__": "cat_general_general"
            },
            {
                "type": "uc_slider",
                "title": "Image Height",
                "name": "image_height",
                "description": "",
                "default_value": "250",
                "min": "100",
                "max": "1000",
                "step": "1",
                "units": "px",
                "is_responsive": true,
                "default_value_tablet": "",
                "default_value_mobile": "",
                "selector": ".ue_image img",
                "selector_value": "height: {{SIZE}}{{UNIT}};",
                "__attr_catid__": "cat_style_462zdbk7"
            },
            {
                "type": "uc_padding",
                "title": "Content Padding",
                "name": "content_padding",
                "description": "",
                "is_responsive": true,
                "desktop_top": "30",
                "desktop_right": "30",
                "desktop_bottom": "30",
                "desktop_left": "30",
                "tablet_top": "",
                "tablet_right": "",
                "tablet_bottom": "",
                "tablet_left": "",
                "mobile_top": "",
                "mobile_right": "",
                "mobile_bottom": "",
                "mobile_left": "",
                "selector": ".ue_box_content",
                "__attr_catid__": "cat_style_l9jnuk6w"
            },
            {
                "type": "uc_padding",
                "title": "Button Padding",
                "name": "button_padding",
                "description": "",
                "is_responsive": "false",
                "desktop_top": "10",
                "desktop_right": "20",
                "desktop_bottom": "10",
                "desktop_left": "20",
                "tablet_top": "",
                "tablet_right": "",
                "tablet_bottom": "",
                "tablet_left": "",
                "mobile_top": "",
                "mobile_right": "",
                "mobile_bottom": "",
                "mobile_left": "",
                "selector": ".uc_more_btn",
                "__attr_catid__": "cat_style_ywfg18zl",
                "value": {
                    "top": "10",
                    "right": "20",
                    "bottom": "10",
                    "left": "20",
                    "unit": "px"
                }
            },
            {
                "type": "uc_colorpicker",
                "title": "Button Background Color",
                "name": "button_bg_color",
                "description": "",
                "default_value": "#565656",
                "selector": ".uc_more_btn",
                "selector_value": "background-color:{{VALUE}};",
                "__attr_catid__": "cat_style_ywfg18zl"
            },
            {
                "type": "uc_colorpicker",
                "title": "Button Background Color Hover",
                "name": "button_background_color_hover",
                "description": "",
                "default_value": "#454545",
                "selector": ".uc_more_btn:hover",
                "selector_value": "background-color:{{VALUE}};",
                "__attr_catid__": "cat_style_ywfg18zl",
                "value": "#454545"
            },
            {
                "type": "uc_colorpicker",
                "title": "Button Text Color",
                "name": "button_text_color",
                "description": "",
                "default_value": "#ffffff",
                "selector": ".uc_more_btn",
                "selector_value": "color:{{VALUE}};",
                "__attr_catid__": "cat_style_ywfg18zl",
                "value": "#ffffff"
            },
            {
                "type": "uc_colorpicker",
                "title": "Button Text Color Hover",
                "name": "button_text_color_hover",
                "description": "",
                "default_value": "#ffffff",
                "selector": ".uc_more_btn:hover",
                "selector_value": "color:{{VALUE}};",
                "__attr_catid__": "cat_style_ywfg18zl",
                "value": "#ffffff"
            },
            {
                "type": "uc_slider",
                "title": "Button Spacing",
                "name": "button_spacing",
                "description": "",
                "default_value": "20",
                "min": "0",
                "max": "100",
                "step": "1",
                "units": "px",
                "is_responsive": "true",
                "default_value_tablet": "",
                "default_value_mobile": "",
                "selector": ".uc_more_btn",
                "selector_value": "margin-top: {{SIZE}}{{UNIT}};",
                "__attr_catid__": "cat_style_ywfg18zl"
            },
            {
                "type": "uc_border",
                "title": "Button Border",
                "name": "button_border",
                "description": "",
                "border_type": "none",
                "border_color": "",
                "width_desktop_top": "",
                "width_desktop_right": "",
                "width_desktop_bottom": "",
                "width_desktop_left": "",
                "width_tablet_top": "",
                "width_tablet_right": "",
                "width_tablet_bottom": "",
                "width_tablet_left": "",
                "width_mobile_top": "",
                "width_mobile_right": "",
                "width_mobile_bottom": "",
                "width_mobile_left": "",
                "selector": ".uc_more_btn",
                "__attr_catid__": "cat_style_ywfg18zl",
                "value": ""
            },
            {
                "type": "uc_border",
                "title": "Button Border Hover",
                "name": "button_border_hover",
                "description": "",
                "border_type": "none",
                "border_color": "",
                "width_desktop_top": "",
                "width_desktop_right": "",
                "width_desktop_bottom": "",
                "width_desktop_left": "",
                "width_tablet_top": "",
                "width_tablet_right": "",
                "width_tablet_bottom": "",
                "width_tablet_left": "",
                "width_mobile_top": "",
                "width_mobile_right": "",
                "width_mobile_bottom": "",
                "width_mobile_left": "",
                "selector": ".uc_more_btn:hover",
                "__attr_catid__": "cat_style_ywfg18zl",
                "value": ""
            },
            {
                "type": "uc_dropdown",
                "title": "Button Style",
                "name": "button_style",
                "description": "",
                "options": {
                    "Inline": "inline-block",
                    "Full Width": "block"
                },
                "default_value": "inline-block",
                "__attr_catid__": "cat_style_ywfg18zl",
                "value": "inline-block"
            },
            {
                "type": "uc_colorpicker",
                "title": "Content Background Color",
                "name": "content_background_color",
                "description": "",
                "default_value": "#000000",
                "selector": ".ue_box_content",
                "selector_value": "background-color:{{VALUE}};",
                "__attr_catid__": "cat_style_l9jnuk6w"
            },
            {
                "type": "uc_textfield",
                "title": "Button Text",
                "name": "button_text",
                "description": "",
                "default_value": "Read More",
                "font_editable": false,
                "__attr_catid__": "cat_general_general"
            },
            {
                "type": "uc_link",
                "title": "Link",
                "name": "link",
                "description": "",
                "default_value": "#",
                "__attr_catid__": "cat_general_general"
            },
            {
                "type": "uc_border",
                "title": "Box Border",
                "name": "box_border",
                "description": "",
                "border_type": "none",
                "border_color": "",
                "width_desktop_top": "",
                "width_desktop_right": "",
                "width_desktop_bottom": "",
                "width_desktop_left": "",
                "width_tablet_top": "",
                "width_tablet_right": "",
                "width_tablet_bottom": "",
                "width_tablet_left": "",
                "width_mobile_top": "",
                "width_mobile_right": "",
                "width_mobile_bottom": "",
                "width_mobile_left": "",
                "selector": ".ue_box",
                "__attr_catid__": "cat_style_av6zdrn3"
            },
            {
                "type": "uc_slider",
                "title": "Box Radius",
                "name": "box_radius",
                "description": "",
                "default_value": "0",
                "min": "0",
                "max": "100",
                "step": "1",
                "units": "px",
                "is_responsive": false,
                "default_value_tablet": "",
                "default_value_mobile": "",
                "selector": ".ue_box",
                "selector_value": "border-radius: {{SIZE}}{{UNIT}};",
                "__attr_catid__": "cat_style_av6zdrn3"
            },
            {
                "type": "uc_border",
                "title": "Image Border",
                "name": "image_border",
                "description": "",
                "border_type": "none",
                "border_color": "",
                "width_desktop_top": "",
                "width_desktop_right": "",
                "width_desktop_bottom": "",
                "width_desktop_left": "",
                "width_tablet_top": "",
                "width_tablet_right": "",
                "width_tablet_bottom": "",
                "width_tablet_left": "",
                "width_mobile_top": "",
                "width_mobile_right": "",
                "width_mobile_bottom": "",
                "width_mobile_left": "",
                "selector": ".ue_image img",
                "__attr_catid__": "cat_style_462zdbk7"
            },
            {
                "type": "uc_border",
                "title": "Content Border",
                "name": "content_border",
                "description": "",
                "border_type": "none",
                "border_color": "",
                "width_desktop_top": "",
                "width_desktop_right": "",
                "width_desktop_bottom": "",
                "width_desktop_left": "",
                "width_tablet_top": "",
                "width_tablet_right": "",
                "width_tablet_bottom": "",
                "width_tablet_left": "",
                "width_mobile_top": "",
                "width_mobile_right": "",
                "width_mobile_bottom": "",
                "width_mobile_left": "",
                "selector": ".ue_box_content",
                "__attr_catid__": "cat_style_l9jnuk6w"
            },
            {
                "type": "uc_slider",
                "title": "Price Size",
                "name": "price_size",
                "description": "",
                "default_value": "50",
                "min": "10",
                "max": "200",
                "step": "1",
                "units": "px",
                "is_responsive": true,
                "default_value_tablet": "",
                "default_value_mobile": "",
                "selector": ".ue_box_price",
                "selector_value": "min-width: {{SIZE}}{{UNIT}}; height: {{SIZE}}{{UNIT}};",
                "__attr_catid__": "cat_style_a7qfyc85"
            },
            {
                "type": "uc_colorpicker",
                "title": "Price Background",
                "name": "price_background",
                "description": "",
                "default_value": "#8a8a8a",
                "selector": ".ue_box_price",
                "selector_value": "background-color:{{VALUE}};",
                "__attr_catid__": "cat_style_a7qfyc85"
            },
            {
                "type": "uc_colorpicker",
                "title": "Price Color",
                "name": "price_color",
                "description": "",
                "default_value": "#ffffff",
                "selector": ".ue_box_price",
                "selector_value": "color:{{VALUE}};",
                "__attr_catid__": "cat_style_a7qfyc85"
            },
            {
                "type": "uc_typography",
                "title": "Price Typography",
                "name": "price_typography",
                "description": "",
                "selector1": ".ue_box_price",
                "selector2": "",
                "selector3": "",
                "__attr_catid__": "cat_style_a7qfyc85"
            },
            {
                "type": "uc_slider",
                "title": "Price Spacing",
                "name": "price_spacing",
                "description": "",
                "default_value": "-50",
                "min": "-100",
                "max": "100",
                "step": "1",
                "units": "px_percent",
                "is_responsive": true,
                "default_value_tablet": "",
                "default_value_mobile": "",
                "selector": ".ue_box_price_holder",
                "selector_value": "margin-top: {{SIZE}}{{UNIT}};",
                "__attr_catid__": "cat_style_a7qfyc85"
            },
            {
                "type": "uc_border",
                "title": "Price Border",
                "name": "price_border",
                "description": "",
                "border_type": "solid",
                "border_color": "#ffffff",
                "width_desktop_top": "3",
                "width_desktop_right": "3",
                "width_desktop_bottom": "3",
                "width_desktop_left": "3",
                "width_tablet_top": "",
                "width_tablet_right": "",
                "width_tablet_bottom": "",
                "width_tablet_left": "",
                "width_mobile_top": "",
                "width_mobile_right": "",
                "width_mobile_bottom": "",
                "width_mobile_left": "",
                "selector": ".ue_box_price",
                "__attr_catid__": "cat_style_a7qfyc85"
            },
            {
                "type": "uc_colorpicker",
                "title": "Title Color",
                "name": "title_color",
                "description": "",
                "default_value": "#ffffff",
                "selector": ".ue_title",
                "selector_value": "color:{{VALUE}};",
                "__attr_catid__": "cat_style_a850zefz"
            },
            {
                "type": "uc_colorpicker",
                "title": "Text Color",
                "name": "text_color",
                "description": "",
                "default_value": "#6b6b6b",
                "selector": ".ue_text",
                "selector_value": "color:{{VALUE}};",
                "__attr_catid__": "cat_style_3n5xdx82"
            },
            {
                "type": "uc_typography",
                "title": "Title Typography",
                "name": "title_typography",
                "description": "",
                "selector1": ".ue_title",
                "selector2": "",
                "selector3": "",
                "__attr_catid__": "cat_style_a850zefz"
            },
            {
                "type": "uc_typography",
                "title": "Text Typography",
                "name": "text_typography",
                "description": "",
                "selector1": ".ue_text",
                "selector2": "",
                "selector3": "",
                "__attr_catid__": "cat_style_3n5xdx82"
            },
            {
                "type": "uc_slider",
                "title": "Title Spacing",
                "name": "title_spacing",
                "description": "",
                "default_value": "20",
                "min": "1",
                "max": "100",
                "step": "1",
                "units": "px",
                "is_responsive": false,
                "default_value_tablet": "",
                "default_value_mobile": "",
                "selector": ".ue_title",
                "selector_value": "margin-top: {{SIZE}}{{UNIT}};",
                "__attr_catid__": "cat_style_a850zefz"
            },
            {
                "type": "uc_slider",
                "title": "Text Spacing",
                "name": "text_spacing",
                "description": "",
                "default_value": "15",
                "min": "1",
                "max": "100",
                "step": "1",
                "units": "px",
                "is_responsive": false,
                "default_value_tablet": "",
                "default_value_mobile": "",
                "selector": ".ue_text",
                "selector_value": "margin-top: {{SIZE}}{{UNIT}};",
                "__attr_catid__": "cat_style_3n5xdx82"
            },
            {
                "type": "uc_slider",
                "title": "Button Radius",
                "name": "button_radius",
                "description": "",
                "default_value": "100",
                "min": "0",
                "max": "100",
                "step": "1",
                "units": "px",
                "is_responsive": "false",
                "default_value_tablet": "",
                "default_value_mobile": "",
                "selector": ".uc_more_btn",
                "selector_value": "border-radius: {{SIZE}}{{UNIT}};",
                "__attr_catid__": "cat_style_ywfg18zl"
            },
            {
                "type": "uc_dropdown",
                "title": "Alignment",
                "name": "alignment",
                "description": "",
                "options": {
                    "Center": "center",
                    "Left": "left",
                    "Right": "right"
                },
                "default_value": "center",
                "__attr_catid__": "cat_style_av6zdrn3"
            },
            {
                "type": "uc_slider",
                "title": "Price Radius",
                "name": "price_radius",
                "description": "",
                "default_value": "0",
                "min": "0",
                "max": "100",
                "step": "1",
                "units": "px",
                "is_responsive": false,
                "default_value_tablet": "",
                "default_value_mobile": "",
                "selector": ".ue_box_price",
                "selector_value": "border-radius: {{SIZE}}{{UNIT}};",
                "__attr_catid__": "cat_style_a7qfyc85"
            },
            {
                "type": "uc_radioboolean",
                "title": "Show Price",
                "name": "show_price",
                "description": "",
                "default_value": "true",
                "true_name": "Yes",
                "true_value": "true",
                "false_name": "No",
                "false_value": "false",
                "__attr_catid__": "cat_content_krg0k2xj"
            },
            {
                "type": "uc_radioboolean",
                "title": "Show Title",
                "name": "show_title",
                "description": "",
                "default_value": "true",
                "true_name": "Yes",
                "true_value": "true",
                "false_name": "No",
                "false_value": "false",
                "__attr_catid__": "cat_content_krg0k2xj"
            },
            {
                "type": "uc_radioboolean",
                "title": "Show Text",
                "name": "show_text",
                "description": "",
                "default_value": "true",
                "true_name": "Yes",
                "true_value": "true",
                "false_name": "No",
                "false_value": "false",
                "__attr_catid__": "cat_content_krg0k2xj"
            },
            {
                "type": "uc_radioboolean",
                "title": "Show Button",
                "name": "show_button",
                "description": "",
                "default_value": "true",
                "true_name": "Yes",
                "true_value": "true",
                "false_name": "No",
                "false_value": "false",
                "__attr_catid__": "cat_content_krg0k2xj"
            }
        ],
        "params_items": [
            {
                "type": "uc_textfield",
                "title": "Title",
                "name": "title",
                "description": "",
                "default_value": "",
                "limited_edit": true
            }
        ],
        "includes": {
            "js": [],
            "jslib": [],
            "css": []
        },
        "variables_item": [],
        "variables_main": [],
        "params_cats": [
            {
                "id": "cat_general_general",
                "title": "General",
                "tab": "content"
            },
            {
                "id": "cat_content_krg0k2xj",
                "title": "Layout",
                "tab": "content"
            },
            {
                "id": "cat_style_av6zdrn3",
                "title": "Box",
                "tab": "style"
            },
            {
                "id": "cat_style_462zdbk7",
                "title": "Image",
                "tab": "style"
            },
            {
                "id": "cat_style_l9jnuk6w",
                "title": "Content",
                "tab": "style"
            },
            {
                "id": "cat_style_a7qfyc85",
                "title": "Price",
                "tab": "style"
            },
            {
                "id": "cat_style_a850zefz",
                "title": "Title",
                "tab": "style"
            },
            {
                "id": "cat_style_3n5xdx82",
                "title": "Text",
                "tab": "style"
            },
            {
                "id": "cat_style_ywfg18zl",
                "title": "Button",
                "tab": "style"
            }
        ]
    },
    "templates": [
        "html",
        "html_item",
        "css"
    ]
}