{
    "config": {
        "image": "[url_assets]\/food1.jpg",
        "currency": "$",
        "price": "9",
        "title": "Default Title",
        "text": "Lorem ipsum dolor sit amet, consectetuer adipiscing elit. Curabitur pellentesque neque eget diam.",
        "price_color": "#2ca6af",
        "bg_color": "#111111"
    },
    "items": [
        {
            "title": "Button One",
            "link": "#",
            "window": "_blank"
        },
        {
            "title": "Button Two",
            "link": "#",
            "window": "_blank"
        }
    ]
}