{
    "addontype": "",
    "cattitle": "Creative Widgets",
    "name": "circle_number_widget",
    "alias": "",
    "title": "Number Box",
    "description": "Create stunning number blocks with various styles. The Number Box widget for Elementor helps you display content for step-by-step diagrams and instructions.",
    "config": {
        "options": {
            "enable_items": "false",
            "items_section_title": "",
            "items_section_heading": "",
            "items_title_field": "",
            "path_assets": "circle_number_widget",
            "js_as_module": false,
            "addon_icon": "far fa-circle",
            "dynamic_addon": "false",
            "dynamic_post_enable_customfields": "false",
            "dynamic_post_enable_category": "false",
            "description": "Create stunning number blocks with various styles. The Number Box widget for Elementor helps you display content for step-by-step diagrams and instructions.",
            "link_resource": "https:\/\/unlimited-elements.com\/docs\/number-box\/",
            "link_preview": "https:\/\/unlimited-elements.com\/number-box-widget-widget-for-elementor\/",
            "show_small_icon": "true",
            "preview_size_unite_selected_text": "Column Size",
            "preview_size": "column",
            "preview_custom_width": "",
            "preview_bgcol": "#ffffff",
            "special": "",
            "special_data": "",
            "is_free_addon": true,
            "is_new_addon": false,
            "is_last_updated": false,
            "is_trending": false
        },
        "params": [
            {
                "type": "uc_dropdown",
                "title": "Layout",
                "name": "layout",
                "description": "",
                "enable_condition": false,
                "condition_attribute": "",
                "condition_operator": "equal",
                "condition_value": null,
                "options": {
                    "column": "column",
                    "row": "row"
                },
                "default_value": "column",
                "selector": ".circle_number_widget_layout",
                "selector_value": "flex-direction:{{VALUE}};",
                "show_more_selectors": false,
                "selector2": "",
                "selector2_value": "",
                "selector3": "",
                "selector3_value": "",
                "is_responsive": false,
                "default_value_tablet": "",
                "default_value_mobile": "",
                "__attr_catid__": "cat_general_general"
            },
            {
                "type": "uc_dropdown",
                "title": "Alignment",
                "name": "alignment",
                "description": "",
                "enable_condition": false,
                "condition_attribute": "",
                "condition_operator": "equal",
                "condition_value": null,
                "options": {
                    "Left": "left",
                    "Center": "center",
                    "Right": "right"
                },
                "default_value": "center",
                "selector": ".circle_number_widget_container",
                "selector_value": "text-align:{{VALUE}};",
                "show_more_selectors": false,
                "selector2": "",
                "selector2_value": "",
                "selector3": "",
                "selector3_value": "",
                "is_responsive": true,
                "default_value_tablet": "",
                "default_value_mobile": "",
                "__attr_catid__": "cat_general_general"
            },
            {
                "type": "uc_textfield",
                "title": "Text",
                "name": "text",
                "description": "",
                "enable_condition": false,
                "condition_attribute": "",
                "condition_operator": "equal",
                "condition_value": null,
                "default_value": "01",
                "font_editable": false,
                "__attr_catid__": "cat_general_general"
            },
            {
                "type": "uc_slider",
                "title": "Number Spacing",
                "name": "numberspacing",
                "description": "",
                "enable_condition": false,
                "condition_attribute": "",
                "condition_operator": "equal",
                "condition_value": null,
                "default_value": "0",
                "min": "-100",
                "max": "100",
                "step": "1",
                "units": "px",
                "is_responsive": true,
                "default_value_tablet": "",
                "default_value_mobile": "",
                "selector": ".ue-number-container",
                "selector_value": "margin-top: {{SIZE}}{{UNIT}};",
                "show_more_selectors": false,
                "selector2": "",
                "selector2_value": "width: {{SIZE}}{{UNIT}};",
                "selector3": "",
                "selector3_value": "width: {{SIZE}}{{UNIT}};",
                "__attr_catid__": "cat_style_g1i4syoc"
            },
            {
                "type": "uc_slider",
                "title": "Size",
                "name": "size",
                "description": "",
                "enable_condition": false,
                "condition_attribute": "",
                "condition_operator": "equal",
                "condition_value": null,
                "default_value": "100",
                "min": "20",
                "max": "300",
                "step": "1",
                "units": "px",
                "is_responsive": true,
                "default_value_tablet": "",
                "default_value_mobile": "",
                "selector": ".circle_number_widget",
                "selector_value": "width: {{SIZE}}{{UNIT}}; height: {{SIZE}}{{UNIT}};",
                "show_more_selectors": false,
                "selector2": "",
                "selector2_value": "width: {{SIZE}}{{UNIT}};",
                "selector3": "",
                "selector3_value": "width: {{SIZE}}{{UNIT}};",
                "__attr_catid__": "cat_style_g1i4syoc"
            },
            {
                "type": "uc_typography",
                "title": "Typography",
                "name": "typography",
                "description": "",
                "selector1": ".circle_number_widget",
                "selector2": "",
                "selector3": "",
                "__attr_catid__": "cat_style_g1i4syoc"
            },
            {
                "type": "uc_colorpicker",
                "title": "Text Color",
                "name": "text_color",
                "description": "",
                "enable_condition": false,
                "condition_attribute": "",
                "condition_operator": "equal",
                "condition_value": null,
                "default_value": "#ffffff",
                "selector": ".circle_number_text",
                "selector_value": "color:{{VALUE}} !important;",
                "show_more_selectors": false,
                "selector2": "",
                "selector2_value": "",
                "selector3": "",
                "selector3_value": "",
                "__attr_catid__": "cat_style_g1i4syoc"
            },
            {
                "type": "uc_background",
                "title": "Background",
                "name": "background",
                "description": "",
                "background_type": "solid",
                "solid_color": "#000000",
                "gradient_color1": "",
                "gradient_color2": "",
                "selector": ".circle_number_widget",
                "__attr_catid__": "cat_style_g1i4syoc"
            },
            {
                "type": "uc_radioboolean",
                "title": "Linkable",
                "name": "linkable",
                "description": "",
                "enable_condition": false,
                "condition_attribute": "",
                "condition_operator": "equal",
                "condition_value": null,
                "default_value": "false",
                "true_name": "Yes",
                "true_value": "true",
                "false_name": "No",
                "false_value": "false",
                "__attr_catid__": "cat_general_general"
            },
            {
                "type": "uc_link",
                "title": "Link",
                "name": "link",
                "description": "",
                "enable_condition": true,
                "condition_attribute": "linkable",
                "condition_operator": "equal",
                "condition_value": "true",
                "default_value": "#",
                "__attr_catid__": "cat_general_general"
            },
            {
                "type": "uc_radioboolean",
                "title": "Show Title",
                "name": "show_title",
                "description": "",
                "enable_condition": false,
                "condition_attribute": "",
                "condition_operator": "equal",
                "condition_value": null,
                "default_value": "false",
                "true_name": "Yes",
                "true_value": "true",
                "false_name": "No",
                "false_value": "false",
                "__attr_catid__": "cat_general_general"
            },
            {
                "type": "uc_textfield",
                "title": "Title",
                "name": "title",
                "description": "",
                "enable_condition": true,
                "condition_attribute": "show_title",
                "condition_operator": "equal",
                "condition_value": "true",
                "default_value": "Awesome Design",
                "font_editable": false,
                "__attr_catid__": "cat_general_general"
            },
            {
                "type": "uc_radioboolean",
                "title": "Show Description",
                "name": "show_description",
                "description": "",
                "enable_condition": false,
                "condition_attribute": "",
                "condition_operator": "equal",
                "condition_value": null,
                "default_value": "false",
                "true_name": "Yes",
                "true_value": "true",
                "false_name": "No",
                "false_value": "false",
                "__attr_catid__": "cat_general_general"
            },
            {
                "type": "uc_textarea",
                "title": "Description",
                "name": "description",
                "description": "",
                "enable_condition": true,
                "condition_attribute": "show_description",
                "condition_operator": "equal",
                "condition_value": "true",
                "default_value": "Lorem ipsum dolor sit amet, consectetur adipiscing elit. ",
                "font_editable": false,
                "__attr_catid__": "cat_general_general"
            },
            {
                "type": "uc_background",
                "title": "Box Background",
                "name": "box_background",
                "description": "",
                "enable_condition": false,
                "condition_attribute": "",
                "condition_operator": "equal",
                "condition_value": null,
                "background_type": "none",
                "solid_color": "",
                "solid_bg_image": "",
                "solid_bg_image_position": "",
                "solid_bg_image_repeat": "",
                "solid_bg_image_size": "",
                "gradient_color1": "",
                "gradient_color2": "",
                "selector": ".circle_number_widget_container",
                "__attr_catid__": "cat_style_25s87ydn"
            },
            {
                "type": "uc_border",
                "title": "Box Border",
                "name": "box_border",
                "description": "",
                "enable_condition": false,
                "condition_attribute": "",
                "condition_operator": "equal",
                "condition_value": null,
                "border_type": "none",
                "border_color": "",
                "width_desktop_top": "",
                "width_desktop_right": "",
                "width_desktop_bottom": "",
                "width_desktop_left": "",
                "width_tablet_top": "",
                "width_tablet_right": "",
                "width_tablet_bottom": "",
                "width_tablet_left": "",
                "width_mobile_top": "",
                "width_mobile_right": "",
                "width_mobile_bottom": "",
                "width_mobile_left": "",
                "selector": ".circle_number_widget_container",
                "__attr_catid__": "cat_style_25s87ydn"
            },
            {
                "type": "uc_border_dimentions",
                "title": "Box Radius",
                "name": "box_radius",
                "description": "",
                "enable_condition": false,
                "condition_attribute": "",
                "condition_operator": "equal",
                "condition_value": null,
                "is_responsive": true,
                "desktop_top": "",
                "desktop_right": "",
                "desktop_bottom": "",
                "desktop_left": "",
                "tablet_top": "",
                "tablet_right": "",
                "tablet_bottom": "",
                "tablet_left": "",
                "mobile_top": "",
                "mobile_right": "",
                "mobile_bottom": "",
                "mobile_left": "",
                "selector": ".circle_number_widget_container",
                "__attr_catid__": "cat_style_25s87ydn"
            },
            {
                "type": "uc_padding",
                "title": "Box Padding",
                "name": "box_padding",
                "description": "",
                "enable_condition": false,
                "condition_attribute": "",
                "condition_operator": "equal",
                "condition_value": null,
                "is_responsive": true,
                "desktop_top": "",
                "desktop_right": "",
                "desktop_bottom": "",
                "desktop_left": "",
                "tablet_top": "",
                "tablet_right": "",
                "tablet_bottom": "",
                "tablet_left": "",
                "mobile_top": "",
                "mobile_right": "",
                "mobile_bottom": "",
                "mobile_left": "",
                "selector": ".circle_number_widget_container",
                "__attr_catid__": "cat_style_25s87ydn"
            },
            {
                "type": "uc_boxshadow",
                "title": "Box Shadow",
                "name": "box_shadow",
                "description": "",
                "enable_condition": false,
                "condition_attribute": "",
                "condition_operator": "equal",
                "condition_value": null,
                "selector": ".circle_number_widget_container",
                "__attr_catid__": "cat_style_25s87ydn"
            },
            {
                "type": "uc_colorpicker",
                "title": "Title Color",
                "name": "title_color",
                "description": "",
                "enable_condition": false,
                "condition_attribute": "",
                "condition_operator": "equal",
                "condition_value": null,
                "default_value": "#000000",
                "selector": ".ue-title",
                "selector_value": "color:{{VALUE}};",
                "show_more_selectors": false,
                "selector2": "",
                "selector2_value": "",
                "selector3": "",
                "selector3_value": "",
                "__attr_catid__": "cat_style_amfs5fzb"
            },
            {
                "type": "uc_colorpicker",
                "title": "Description Color",
                "name": "description_color",
                "description": "",
                "enable_condition": false,
                "condition_attribute": "",
                "condition_operator": "equal",
                "condition_value": null,
                "default_value": "#000000",
                "selector": ".ue-description",
                "selector_value": "color:{{VALUE}};",
                "show_more_selectors": false,
                "selector2": "",
                "selector2_value": "",
                "selector3": "",
                "selector3_value": "",
                "__attr_catid__": "cat_style_nbxdkjtk"
            },
            {
                "type": "uc_typography",
                "title": "Title Typography",
                "name": "title_typography",
                "description": "",
                "enable_condition": false,
                "condition_attribute": "",
                "condition_operator": "equal",
                "condition_value": null,
                "selector1": ".ue-title",
                "selector2": "",
                "selector3": "",
                "__attr_catid__": "cat_style_amfs5fzb"
            },
            {
                "type": "uc_typography",
                "title": "Description Typography",
                "name": "description_typography",
                "description": "",
                "enable_condition": false,
                "condition_attribute": "",
                "condition_operator": "equal",
                "condition_value": null,
                "selector1": ".ue-description",
                "selector2": "",
                "selector3": "",
                "__attr_catid__": "cat_style_nbxdkjtk"
            },
            {
                "type": "uc_slider",
                "title": "Title Spacing",
                "name": "title_spacing",
                "description": "Margin Top",
                "enable_condition": false,
                "condition_attribute": "",
                "condition_operator": "equal",
                "condition_value": null,
                "default_value": "20",
                "min": "0",
                "max": "100",
                "step": "1",
                "units": "px",
                "is_responsive": true,
                "default_value_tablet": "",
                "default_value_mobile": "",
                "selector": ".ue-title",
                "selector_value": "margin-top: {{SIZE}}{{UNIT}};",
                "show_more_selectors": false,
                "selector2": "",
                "selector2_value": "width: {{SIZE}}{{UNIT}};",
                "selector3": "",
                "selector3_value": "width: {{SIZE}}{{UNIT}};",
                "__attr_catid__": "cat_style_amfs5fzb"
            },
            {
                "type": "uc_slider",
                "title": "Description Spacing",
                "name": "description_spacing",
                "description": "Margin Top",
                "enable_condition": false,
                "condition_attribute": "",
                "condition_operator": "equal",
                "condition_value": null,
                "default_value": "5",
                "min": "0",
                "max": "100",
                "step": "1",
                "units": "px",
                "is_responsive": true,
                "default_value_tablet": "",
                "default_value_mobile": "",
                "selector": ".ue-description",
                "selector_value": "margin-top: {{SIZE}}{{UNIT}};",
                "show_more_selectors": false,
                "selector2": "",
                "selector2_value": "width: {{SIZE}}{{UNIT}};",
                "selector3": "",
                "selector3_value": "width: {{SIZE}}{{UNIT}};",
                "__attr_catid__": "cat_style_nbxdkjtk"
            },
            {
                "type": "uc_hover_animations",
                "title": "Hover Animation",
                "name": "hover_animation",
                "description": "",
                "enable_condition": false,
                "condition_attribute": "",
                "condition_operator": "equal",
                "condition_value": null,
                "default_value": "",
                "__attr_catid__": "cat_style_g1i4syoc"
            },
            {
                "type": "uc_slider",
                "title": "Spacing",
                "name": "spacing",
                "description": "",
                "enable_condition": true,
                "condition_attribute": "layout",
                "condition_operator": "equal",
                "condition_value": "row",
                "default_value": "20",
                "min": "0",
                "max": "100",
                "step": "1",
                "units": "px",
                "is_responsive": true,
                "default_value_tablet": "",
                "default_value_mobile": "",
                "selector": ".ue-spacing",
                "selector_value": "width: {{SIZE}}{{UNIT}};",
                "show_more_selectors": false,
                "selector2": "",
                "selector2_value": "width: {{SIZE}}{{UNIT}};",
                "selector3": "",
                "selector3_value": "width: {{SIZE}}{{UNIT}};",
                "__attr_catid__": "cat_style_g1i4syoc"
            },
            {
                "type": "uc_radioboolean",
                "title": "Pulse Effect",
                "name": "pulse_effect",
                "description": "This will override your box shadow",
                "enable_condition": false,
                "condition_attribute": "",
                "condition_operator": "equal",
                "condition_value": null,
                "default_value": "false",
                "true_name": "Yes",
                "true_value": "true",
                "false_name": "No",
                "false_value": "false",
                "__attr_catid__": "cat_style_7sx5d8pt"
            },
            {
                "type": "uc_colorpicker",
                "title": "Pulse Color",
                "name": "pulse_color",
                "description": "",
                "enable_condition": false,
                "condition_attribute": "",
                "condition_operator": "equal",
                "condition_value": null,
                "default_value": "#b6b6b6",
                "selector": "",
                "selector_value": "",
                "show_more_selectors": false,
                "selector2": "",
                "selector2_value": "",
                "selector3": "",
                "selector3_value": "",
                "__attr_catid__": "cat_style_7sx5d8pt"
            },
            {
                "type": "uc_number",
                "title": "Rotate",
                "name": "rotate",
                "description": "",
                "enable_condition": false,
                "condition_attribute": "",
                "condition_operator": "equal",
                "condition_value": null,
                "default_value": "0",
                "unit": "",
                "unit_custom": "",
                "min_value": "",
                "max_value": "",
                "step": "",
                "is_responsive": false,
                "default_value_tablet": "",
                "default_value_mobile": "",
                "selector": "",
                "selector_value": "",
                "show_more_selectors": false,
                "selector2": "",
                "selector2_value": "",
                "selector3": "",
                "selector3_value": "",
                "__attr_catid__": "cat_style_g1i4syoc"
            },
            {
                "type": "uc_dropdown",
                "title": "Shape Type",
                "name": "shape_type",
                "description": "",
                "enable_condition": false,
                "condition_attribute": "",
                "condition_operator": "equal",
                "condition_value": null,
                "options": {
                    "Radius": "radius",
                    "Clip Path": "clip_path"
                },
                "default_value": "radius",
                "selector": "",
                "selector_value": "",
                "show_more_selectors": false,
                "selector2": "",
                "selector2_value": "",
                "selector3": "",
                "selector3_value": "",
                "is_responsive": false,
                "default_value_tablet": "",
                "default_value_mobile": "",
                "__attr_catid__": "cat_style_g1i4syoc"
            },
            {
                "type": "uc_border_dimentions",
                "title": "Border Radius",
                "name": "border_radius",
                "description": "",
                "enable_condition": true,
                "condition_attribute": "shape_type",
                "condition_operator": "equal",
                "condition_value": "radius",
                "is_responsive": true,
                "desktop_top": "100",
                "desktop_right": "100",
                "desktop_bottom": "100",
                "desktop_left": "100",
                "tablet_top": "",
                "tablet_right": "",
                "tablet_bottom": "",
                "tablet_left": "",
                "mobile_top": "",
                "mobile_right": "",
                "mobile_bottom": "",
                "mobile_left": "",
                "selector": ".circle_number_widget, .circle_number_widget::before",
                "__attr_catid__": "cat_style_g1i4syoc"
            },
            {
                "type": "uc_boxshadow",
                "title": "Shadow",
                "name": "shadow",
                "description": "",
                "enable_condition": true,
                "condition_attribute": "shape_type",
                "condition_operator": "equal",
                "condition_value": [
                    "radius"
                ],
                "condition_attribute2": "",
                "condition_operator2": "equal",
                "condition_value2": null,
                "label_block": false,
                "tabname": "",
                "selector": ".circle_number_widget",
                "__attr_catid__": "cat_style_g1i4syoc"
            },
            {
                "type": "uc_dropdown",
                "title": "Shape",
                "name": "shape",
                "description": "",
                "enable_condition": true,
                "condition_attribute": "shape_type",
                "condition_operator": "equal",
                "condition_value": "clip_path",
                "label_block": false,
                "options": {
                    "None": "polygon(0 0, 100% 0, 100% 100%, 0% 100%)",
                    "Triangle": "polygon(50% 0%, 0% 100%, 100% 100%)",
                    "Trapezoid": "polygon(20% 0%, 80% 0%, 100% 100%, 0% 100%)",
                    "Parallelogram": "polygon(25% 0%, 100% 0%, 75% 100%, 0% 100%)",
                    "Rhombus": "polygon(50% 0%, 100% 50%, 50% 100%, 0% 50%)",
                    "Pentagon": "polygon(50% 0%, 100% 38%, 82% 100%, 18% 100%, 0% 38%)",
                    "Hexagon": "polygon(50% 0%, 100% 25%, 100% 75%, 50% 100%, 0% 75%, 0% 25%)",
                    "Heptagon": "polygon(50% 0%, 90% 20%, 100% 60%, 75% 100%, 25% 100%, 0% 60%, 10% 20%)",
                    "Octagon": "polygon(30% 0%, 70% 0%, 100% 30%, 100% 70%, 70% 100%, 30% 100%, 0% 70%, 0% 30%)",
                    "Nonagon": "polygon(50% 0%, 83% 12%, 100% 43%, 94% 78%, 68% 100%, 32% 100%, 6% 78%, 0% 43%, 17% 12%)",
                    "Decagon": "polygon(50% 0%, 80% 10%, 100% 35%, 100% 70%, 80% 90%, 50% 100%, 20% 90%, 0% 70%, 0% 35%, 20% 10%)",
                    "Bevel": "polygon(20% 0%, 80% 0%, 100% 20%, 100% 80%, 80% 100%, 20% 100%, 0% 80%, 0% 20%);clip-path: polygon(20% 0%, 80% 0%, 100% 20%, 100% 80%, 80% 100%, 20% 100%, 0% 80%, 0% 20%)",
                    "Rabbet": "polygon(0% 15%, 15% 15%, 15% 0%, 85% 0%, 85% 15%, 100% 15%, 100% 85%, 85% 85%, 85% 100%, 15% 100%, 15% 85%, 0% 85%)",
                    "Left Arrow": "polygon(40% 0%, 40% 20%, 100% 20%, 100% 80%, 40% 80%, 40% 100%, 0% 50%)",
                    "Right Arrow": "polygon(0% 20%, 60% 20%, 60% 0%, 100% 50%, 60% 100%, 60% 80%, 0% 80%)",
                    "Left Point": "polygon(25% 0%, 100% 1%, 100% 100%, 25% 100%, 0% 50%)",
                    "Right Point": "polygon(0% 0%, 75% 0%, 100% 50%, 75% 100%, 0% 100%)",
                    "Left Chevron": "polygon(100% 0%, 75% 50%, 100% 100%, 25% 100%, 0% 50%, 25% 0%)",
                    "Right Chevron": "polygon(75% 0%, 100% 50%, 75% 100%, 0% 100%, 25% 50%, 0% 0%)"
                },
                "default_value": "polygon(0 0, 100% 0, 100% 100%, 0% 100%)",
                "selector": ".circle_number_widget",
                "selector_value": "clip-path: {{VALUE}};",
                "show_more_selectors": false,
                "selector2": "",
                "selector2_value": "",
                "selector3": "",
                "selector3_value": "",
                "is_responsive": false,
                "default_value_tablet": "",
                "default_value_mobile": "",
                "__attr_catid__": "cat_style_g1i4syoc"
            },
            {
                "type": "uc_border",
                "title": "Border",
                "name": "border",
                "description": "",
                "enable_condition": true,
                "condition_attribute": "shape_type",
                "condition_operator": "equal",
                "condition_value": [
                    "radius"
                ],
                "condition_attribute2": "",
                "condition_operator2": "equal",
                "condition_value2": null,
                "label_block": false,
                "tabname": "",
                "border_type": "none",
                "border_color": "",
                "width_desktop_top": "",
                "width_desktop_right": "",
                "width_desktop_bottom": "",
                "width_desktop_left": "",
                "width_tablet_top": "",
                "width_tablet_right": "",
                "width_tablet_bottom": "",
                "width_tablet_left": "",
                "width_mobile_top": "",
                "width_mobile_right": "",
                "width_mobile_bottom": "",
                "width_mobile_left": "",
                "selector": ".circle_number_widget",
                "__attr_catid__": "cat_style_g1i4syoc"
            }
        ],
        "params_items": [
            {
                "type": "uc_textfield",
                "title": "Title",
                "name": "title",
                "description": "",
                "default_value": "",
                "limited_edit": "true"
            }
        ],
        "includes": {
            "js": [],
            "jslib": [],
            "css": []
        },
        "variables_item": [],
        "variables_main": [],
        "params_cats": [
            {
                "id": "cat_general_general",
                "title": "General",
                "tab": "content"
            },
            {
                "enable_condition": false,
                "condition_attribute": "",
                "condition_operator": "equal",
                "condition_value": [],
                "condition_attribute2": "",
                "condition_operator2": "equal",
                "condition_value2": null,
                "id": "cat_style_g1i4syoc",
                "title": "Number",
                "tab": "style"
            },
            {
                "id": "cat_style_7sx5d8pt",
                "title": "Pulse Effect",
                "tab": "style"
            },
            {
                "id": "cat_style_25s87ydn",
                "title": "Box",
                "tab": "style"
            },
            {
                "id": "cat_style_amfs5fzb",
                "title": "Title",
                "tab": "style"
            },
            {
                "id": "cat_style_nbxdkjtk",
                "title": "Description",
                "tab": "style"
            }
        ]
    },
    "templates": [
        "html",
        "css"
    ]
}