{
    "addontype": "elementor",
    "cattitle": "Creative Widgets",
    "name": "flip_box_elementor",
    "alias": "flip_box",
    "title": "Flip Box",
    "description": "Make your content more interesting with the Elementor Flip Box widget. Use the animated Flip Boxes to highlight any content inside your page with a flip effect.",
    "config": {
        "options": {
            "enable_items": "false",
            "items_section_title": "",
            "items_section_heading": "",
            "items_title_field": "",
            "path_assets": "uc_flip_box_base",
            "js_as_module": false,
            "addon_icon": "fas fa-arrows-alt-h",
            "dynamic_addon": "false",
            "dynamic_post_enable_customfields": "false",
            "dynamic_post_enable_category": "false",
            "description": "Make your content more interesting with the Elementor Flip Box widget. Use the animated Flip Boxes to highlight any content inside your page with a flip effect.",
            "link_resource": "https:\/\/unlimited-elements.com\/docs\/flip-box\/",
            "link_preview": "https:\/\/unlimited-elements.com\/flip-box-widget-for-elementor\/",
            "show_small_icon": "true",
            "preview_size_unite_selected_text": "Full Size",
            "preview_size": "full",
            "preview_custom_width": "",
            "preview_bgcol": "#ffffff",
            "special": "",
            "special_data": "",
            "is_free_addon": true,
            "is_new_addon": false,
            "is_last_updated": false,
            "is_trending": false
        },
        "params": [
            {
                "type": "uc_icon_library",
                "title": "Icon",
                "name": "icon_front",
                "description": "",
                "default_value": "fas fa-rocket",
                "enable_svg": true,
                "put_svg_as": "svg",
                "__attr_catid__": "cat_general_general"
            },
            {
                "type": "uc_icon_library",
                "title": "Icon",
                "name": "icon_back",
                "description": "",
                "default_value": "fas fa-rocket",
                "enable_svg": true,
                "put_svg_as": "svg",
                "__attr_catid__": "cat_content_36zr0k60"
            },
            {
                "type": "uc_textfield",
                "title": "Title",
                "name": "title_front",
                "description": "",
                "default_value": "Front Title",
                "font_editable": false,
                "__attr_catid__": "cat_general_general"
            },
            {
                "type": "uc_textfield",
                "title": "Title",
                "name": "title_back",
                "description": "",
                "default_value": "Back Title",
                "font_editable": false,
                "__attr_catid__": "cat_content_36zr0k60"
            },
            {
                "type": "uc_background",
                "title": "Background",
                "name": "background_front",
                "description": "",
                "background_type": "solid",
                "solid_color": "#3e3ff0",
                "solid_bg_image": "",
                "solid_bg_image_position": "",
                "solid_bg_image_repeat": "",
                "solid_bg_image_size": "",
                "gradient_color1": "",
                "gradient_color2": "",
                "selector": ".ue-flip-box__panel--front",
                "__attr_catid__": "cat_style_h3fkhj85"
            },
            {
                "type": "uc_background",
                "title": "Background",
                "name": "background_back",
                "description": "",
                "background_type": "solid",
                "solid_color": "#2b2b2b",
                "solid_bg_image": "",
                "solid_bg_image_position": "",
                "solid_bg_image_repeat": "",
                "solid_bg_image_size": "",
                "gradient_color1": "",
                "gradient_color2": "",
                "selector": ".ue-flip-box__panel--back",
                "__attr_catid__": "cat_style_fy2nof1e"
            },
            {
                "type": "uc_padding",
                "title": "Button Padding",
                "name": "button_padding",
                "description": "",
                "is_responsive": false,
                "desktop_top": "10",
                "desktop_right": "20",
                "desktop_bottom": "10",
                "desktop_left": "20",
                "tablet_top": "",
                "tablet_right": "",
                "tablet_bottom": "",
                "tablet_left": "",
                "mobile_top": "",
                "mobile_right": "",
                "mobile_bottom": "",
                "mobile_left": "",
                "selector": ".ue_btn",
                "__attr_catid__": "cat_style_t3sdgjhv"
            },
            {
                "type": "uc_colorpicker",
                "title": "Button Background Color",
                "name": "button_bg_color",
                "description": "",
                "default_value": "#bfbfbf",
                "selector": ".ue_btn",
                "selector_value": "background-color:{{VALUE}};",
                "__attr_catid__": "cat_style_t3sdgjhv"
            },
            {
                "type": "uc_colorpicker",
                "title": "Button Background Color Hover",
                "name": "button_background_color_hover",
                "description": "",
                "default_value": "#8d8d8d",
                "selector": ".ue_btn:hover",
                "selector_value": "background-color:{{VALUE}};",
                "__attr_catid__": "cat_style_t3sdgjhv"
            },
            {
                "type": "uc_colorpicker",
                "title": "Button Text Color",
                "name": "button_text_color",
                "description": "",
                "default_value": "#ffffff",
                "selector": ".ue_btn",
                "selector_value": "color:{{VALUE}};",
                "__attr_catid__": "cat_style_t3sdgjhv"
            },
            {
                "type": "uc_colorpicker",
                "title": "Button Text Color Hover",
                "name": "button_text_color_hover",
                "description": "",
                "default_value": "#ffffff",
                "selector": ".ue_btn:hover",
                "selector_value": "color:{{VALUE}};",
                "__attr_catid__": "cat_style_t3sdgjhv"
            },
            {
                "type": "uc_slider",
                "title": "Button Spacing",
                "name": "button_spacing",
                "description": "",
                "default_value": "20",
                "min": "0",
                "max": "100",
                "step": "1",
                "units": "px",
                "is_responsive": true,
                "default_value_tablet": "",
                "default_value_mobile": "",
                "selector": ".ue_btn",
                "selector_value": "margin-top: {{SIZE}}{{UNIT}};",
                "__attr_catid__": "cat_style_t3sdgjhv"
            },
            {
                "type": "uc_border",
                "title": "Button Border",
                "name": "button_border",
                "description": "",
                "border_type": "none",
                "border_color": "",
                "width_desktop_top": "",
                "width_desktop_right": "",
                "width_desktop_bottom": "",
                "width_desktop_left": "",
                "width_tablet_top": "",
                "width_tablet_right": "",
                "width_tablet_bottom": "",
                "width_tablet_left": "",
                "width_mobile_top": "",
                "width_mobile_right": "",
                "width_mobile_bottom": "",
                "width_mobile_left": "",
                "selector": ".ue_btn",
                "__attr_catid__": "cat_style_t3sdgjhv"
            },
            {
                "type": "uc_border",
                "title": "Button Border Hover",
                "name": "button_border_hover",
                "description": "",
                "border_type": "none",
                "border_color": "",
                "width_desktop_top": "",
                "width_desktop_right": "",
                "width_desktop_bottom": "",
                "width_desktop_left": "",
                "width_tablet_top": "",
                "width_tablet_right": "",
                "width_tablet_bottom": "",
                "width_tablet_left": "",
                "width_mobile_top": "",
                "width_mobile_right": "",
                "width_mobile_bottom": "",
                "width_mobile_left": "",
                "selector": ".ue_btn:hover",
                "__attr_catid__": "cat_style_t3sdgjhv"
            },
            {
                "type": "uc_dropdown",
                "title": "Button Style",
                "name": "button_style",
                "description": "",
                "options": {
                    "Inline": "inline-block",
                    "Full Width": "block"
                },
                "default_value": "inline-block",
                "selector": ".ue_btn",
                "selector_value": "display:{{VALUE}};",
                "is_responsive": false,
                "default_value_tablet": "",
                "default_value_mobile": "",
                "__attr_catid__": "cat_style_t3sdgjhv"
            },
            {
                "type": "uc_border",
                "title": "Back Border",
                "name": "back_border",
                "description": "",
                "border_type": "none",
                "border_color": "",
                "width_desktop_top": "",
                "width_desktop_right": "",
                "width_desktop_bottom": "",
                "width_desktop_left": "",
                "width_tablet_top": "",
                "width_tablet_right": "",
                "width_tablet_bottom": "",
                "width_tablet_left": "",
                "width_mobile_top": "",
                "width_mobile_right": "",
                "width_mobile_bottom": "",
                "width_mobile_left": "",
                "selector": ".ue-flip-box__panel--back",
                "__attr_catid__": "cat_style_fy2nof1e"
            },
            {
                "type": "uc_padding",
                "title": "Padding",
                "name": "padding_back",
                "description": "The padding of the content box.",
                "is_responsive": true,
                "desktop_top": "20",
                "desktop_right": "20",
                "desktop_bottom": "20",
                "desktop_left": "20",
                "tablet_top": "",
                "tablet_right": "",
                "tablet_bottom": "",
                "tablet_left": "",
                "mobile_top": "",
                "mobile_right": "",
                "mobile_bottom": "",
                "mobile_left": "",
                "selector": ".ue-flip-box__panel--back",
                "__attr_catid__": "cat_style_fy2nof1e"
            },
            {
                "type": "uc_slider",
                "title": "Height",
                "name": "height",
                "description": "The height of the widget.",
                "default_value": "300",
                "min": "100",
                "max": "1000",
                "step": "10",
                "units": "px",
                "is_responsive": true,
                "default_value_tablet": "",
                "default_value_mobile": "",
                "selector": ".ue-flip-box",
                "selector_value": "height: {{SIZE}}{{UNIT}};",
                "__attr_catid__": "cat_content_6dp5d0ng"
            },
            {
                "type": "uc_border",
                "title": "Front Border",
                "name": "front_border",
                "description": "",
                "border_type": "none",
                "border_color": "",
                "width_desktop_top": "",
                "width_desktop_right": "",
                "width_desktop_bottom": "",
                "width_desktop_left": "",
                "width_tablet_top": "",
                "width_tablet_right": "",
                "width_tablet_bottom": "",
                "width_tablet_left": "",
                "width_mobile_top": "",
                "width_mobile_right": "",
                "width_mobile_bottom": "",
                "width_mobile_left": "",
                "selector": ".ue-flip-box__panel--front",
                "__attr_catid__": "cat_style_h3fkhj85"
            },
            {
                "type": "uc_padding",
                "title": "Padding",
                "name": "padding_front",
                "description": "The padding of the content box.",
                "is_responsive": true,
                "desktop_top": "20",
                "desktop_right": "20",
                "desktop_bottom": "20",
                "desktop_left": "20",
                "tablet_top": "",
                "tablet_right": "",
                "tablet_bottom": "",
                "tablet_left": "",
                "mobile_top": "",
                "mobile_right": "",
                "mobile_bottom": "",
                "mobile_left": "",
                "selector": ".ue-flip-box__panel--front",
                "__attr_catid__": "cat_style_h3fkhj85"
            },
            {
                "type": "uc_dropdown",
                "title": "Horizontal Position",
                "name": "horizontal_position_front",
                "description": "Overall Horizontal Positioning of all elements in the content box.",
                "options": {
                    "Left": "flex-start",
                    "Midlle": "center",
                    "Right": "flex-end"
                },
                "default_value": "center",
                "selector": ".ue-flip-box__panel--front .ue-flip-box__panel__content",
                "selector_value": "align-items: {{VALUE}};",
                "is_responsive": true,
                "default_value_tablet": "",
                "default_value_mobile": "",
                "__attr_catid__": "cat_style_h3fkhj85"
            },
            {
                "type": "uc_dropdown",
                "title": "Vertical Position",
                "name": "vertical_position_front",
                "description": "Overall Vertical Positioning of all elements in the content box.",
                "options": {
                    "Top": "flex-start",
                    "Midlle": "center",
                    "Bottom": "flex-end"
                },
                "default_value": "center",
                "selector": ".ue-flip-box__panel--front .ue-flip-box__panel__content",
                "selector_value": "justify-content: {{VALUE}};",
                "is_responsive": true,
                "default_value_tablet": "",
                "default_value_mobile": "",
                "__attr_catid__": "cat_style_h3fkhj85"
            },
            {
                "type": "uc_slider",
                "title": "Icon Size",
                "name": "icon_size_front",
                "description": "",
                "default_value": "24",
                "min": "1",
                "max": "300",
                "step": "1",
                "units": "px",
                "is_responsive": true,
                "default_value_tablet": "",
                "default_value_mobile": "",
                "selector": ".ue-flip-box__panel--front .ue-flip-box__icon",
                "selector_value": "font-size: {{SIZE}}{{UNIT}};",
                "__attr_catid__": "cat_style_z9b9frc8"
            },
            {
                "type": "uc_dropdown",
                "title": "Horizontal Position",
                "name": "horizontal_position_back",
                "description": "Overall Horizontal Positioning of all elements in the content box.",
                "options": {
                    "Left": "flex-start",
                    "Midlle": "center",
                    "Right": "flex-end"
                },
                "default_value": "center",
                "selector": ".ue-flip-box__panel--back .ue-flip-box__panel__content",
                "selector_value": "align-items: {{VALUE}};",
                "is_responsive": true,
                "default_value_tablet": "",
                "default_value_mobile": "",
                "__attr_catid__": "cat_style_fy2nof1e"
            },
            {
                "type": "uc_dropdown",
                "title": "Vertical Position",
                "name": "vertical_position_back",
                "description": "Overall Vertical Positioning of all elements in the content box.",
                "options": {
                    "Top": "flex-start",
                    "Midlle": "center",
                    "Bottom": "flex-end"
                },
                "default_value": "center",
                "selector": ".ue-flip-box__panel--back .ue-flip-box__panel__content",
                "selector_value": "justify-content: {{VALUE}};",
                "is_responsive": true,
                "default_value_tablet": "",
                "default_value_mobile": "",
                "__attr_catid__": "cat_style_fy2nof1e"
            },
            {
                "type": "uc_slider",
                "title": "Icon Size",
                "name": "icon_size_back",
                "description": "",
                "default_value": "24",
                "min": "1",
                "max": "300",
                "step": "1",
                "units": "px",
                "is_responsive": true,
                "default_value_tablet": "",
                "default_value_mobile": "",
                "selector": ".ue-flip-box__panel--back .ue-flip-box__icon",
                "selector_value": "font-size: {{SIZE}}{{UNIT}};",
                "__attr_catid__": "cat_style_ui129ulm"
            },
            {
                "type": "uc_editor",
                "title": "Description",
                "name": "description_front",
                "description": "",
                "default_value": "Front Side Text Description",
                "__attr_catid__": "cat_general_general"
            },
            {
                "type": "uc_editor",
                "title": "Description",
                "name": "description_back",
                "description": "",
                "default_value": "Back Side Text Description",
                "__attr_catid__": "cat_content_36zr0k60"
            },
            {
                "type": "uc_slider",
                "title": "Border Radius",
                "name": "border_radius",
                "description": "",
                "default_value": "0",
                "min": "0",
                "max": "100",
                "step": "1",
                "units": "px",
                "is_responsive": false,
                "default_value_tablet": "",
                "default_value_mobile": "",
                "selector": ".ue-flip-box__panel",
                "selector_value": "border-radius: {{SIZE}}{{UNIT}};",
                "__attr_catid__": "cat_content_6dp5d0ng"
            },
            {
                "type": "uc_dropdown",
                "title": "Trigger",
                "name": "animation_trigger",
                "description": "Use either Mouse Hover or Mouse Click to trigger the animation on Desktop Mode.",
                "options": {
                    "Hover": "hover",
                    "Mouse Click": "click",
                    "Trigger Button": "trigger_button"
                },
                "default_value": "hover",
                "selector": "",
                "selector_value": "",
                "show_more_selectors": false,
                "selector2": "",
                "selector2_value": "",
                "selector3": "",
                "selector3_value": "",
                "is_responsive": false,
                "default_value_tablet": "",
                "default_value_mobile": "",
                "__attr_catid__": "cat_content_6dp5d0ng"
            },
            {
                "type": "uc_dropdown",
                "title": "Effect",
                "name": "anim_effect",
                "description": "",
                "enable_condition": false,
                "condition_attribute": "",
                "condition_operator": "equal",
                "condition_value": [],
                "condition_attribute2": "",
                "condition_operator2": "equal",
                "condition_value2": null,
                "label_block": false,
                "tabname": "",
                "options": {
                    "Flip": "ue-flip",
                    "Flip Alternative": "ue-flip-alt",
                    "Slide": "ue-slide",
                    "Push": "ue-push",
                    "Swap": "ue-swap",
                    "Fade": "ue-fade",
                    "Zoom In": "ue-zoomin",
                    "Zoom Out": "ue-zoomout",
                    "Zoom In\/Out": "ue-zoominout"
                },
                "default_value": "ue-flip",
                "selector": "",
                "selector_value": "",
                "show_more_selectors": false,
                "selector2": "",
                "selector2_value": "",
                "selector3": "",
                "selector3_value": "",
                "is_responsive": false,
                "default_value_tablet": "",
                "default_value_mobile": "",
                "__attr_catid__": "cat_content_6dp5d0ng"
            },
            {
                "type": "uc_colorpicker",
                "title": "Icon Color",
                "name": "icon_color_front",
                "description": "",
                "default_value": "#3e3ff0",
                "selector": ".ue-flip-box__panel--front .ue-flip-box__icon",
                "selector_value": "color: {{VALUE}};",
                "show_more_selectors": true,
                "selector2": ".ue-flip-box__panel--front .ue-flip-box__icon svg",
                "selector2_value": "fill: {{VALUE}} !important;",
                "selector3": ".ue-flip-box__panel--front .ue-flip-box__icon svg path",
                "selector3_value": "fill: {{VALUE}} !important;",
                "__attr_catid__": "cat_style_z9b9frc8"
            },
            {
                "type": "uc_dropdown",
                "title": "Text Alignment",
                "name": "text_alignment_front",
                "description": "Alignment of Text Elements in the content box.",
                "options": {
                    "Left": "left",
                    "Midlle": "center",
                    "Right": "right"
                },
                "default_value": "center",
                "selector": ".ue-flip-box__panel--front .ue-flip-box__panel__content",
                "selector_value": "text-align: {{VALUE}};",
                "is_responsive": true,
                "default_value_tablet": "",
                "default_value_mobile": "",
                "__attr_catid__": "cat_style_h3fkhj85"
            },
            {
                "type": "uc_colorpicker",
                "title": "Icon Color",
                "name": "icon_color_back",
                "description": "",
                "default_value": "#d9d9d9",
                "selector": ".ue-flip-box__panel--back .ue-flip-box__icon",
                "selector_value": "color: {{VALUE}};",
                "show_more_selectors": true,
                "selector2": ".ue-flip-box__panel--back .ue-flip-box__icon svg",
                "selector2_value": "fill: {{VALUE}} !important;",
                "selector3": ".ue-flip-box__panel--back .ue-flip-box__icon svg path",
                "selector3_value": "fill: {{VALUE}} !important;",
                "__attr_catid__": "cat_style_ui129ulm"
            },
            {
                "type": "uc_dropdown",
                "title": "Text Alignment",
                "name": "text_alignment_back",
                "description": "Alignment of Text Elements in the content box.",
                "options": {
                    "Left": "left",
                    "Midlle": "center",
                    "Right": "right"
                },
                "default_value": "center",
                "selector": ".ue-flip-box__panel--back .ue-flip-box__panel__content",
                "selector_value": "text-align: {{VALUE}};",
                "is_responsive": true,
                "default_value_tablet": "",
                "default_value_mobile": "",
                "__attr_catid__": "cat_style_fy2nof1e"
            },
            {
                "type": "uc_dropdown",
                "title": "Effect Direction",
                "name": "anim_direction",
                "description": "Not applicable to <b>Fade<\/b> and <b>Zoom<\/b> Effects.",
                "options": {
                    "Left": "left",
                    "Right": "right",
                    "Up": "up",
                    "Down": "down"
                },
                "default_value": "left",
                "selector": "",
                "selector_value": "",
                "show_more_selectors": false,
                "selector2": "",
                "selector2_value": "",
                "selector3": "",
                "selector3_value": "",
                "is_responsive": false,
                "default_value_tablet": "",
                "default_value_mobile": "",
                "__attr_catid__": "cat_content_6dp5d0ng"
            },
            {
                "type": "uc_number",
                "title": "Duration",
                "name": "duration",
                "description": "Animation Duration in milliseconds.",
                "default_value": "800",
                "unit": "ms",
                "unit_custom": "",
                "min_value": "",
                "max_value": "",
                "step": "",
                "is_responsive": true,
                "default_value_tablet": "",
                "default_value_mobile": "",
                "selector": ".ue-flip-box",
                "selector_value": "--duration: {{VALUE}}ms;",
                "show_more_selectors": true,
                "selector2": ".ue-flip-box__overlay",
                "selector2_value": "transition-duration:{{VALUE}}ms !important;;",
                "selector3": "",
                "selector3_value": "",
                "__attr_catid__": "cat_content_6dp5d0ng"
            },
            {
                "type": "uc_radioboolean",
                "title": "Add 3D Depth",
                "name": "add_3d_depth",
                "description": "Give 3D perspective to elements in the content boxes..<br><br>\n<b>Only valid for <b>Flip<\/b> and <b>Flip Alternatives<\/b> effects.",
                "default_value": "false",
                "true_name": "Yes",
                "true_value": "true",
                "false_name": "No",
                "false_value": "false",
                "__attr_catid__": "cat_content_6dp5d0ng"
            },
            {
                "type": "uc_textfield",
                "title": "Button Text",
                "name": "button_text",
                "description": "",
                "default_value": "Learn More",
                "font_editable": false,
                "__attr_catid__": "cat_content_36zr0k60"
            },
            {
                "type": "uc_link",
                "title": "Button Link",
                "name": "button_link",
                "description": "",
                "default_value": "#",
                "__attr_catid__": "cat_content_36zr0k60"
            },
            {
                "type": "uc_slider",
                "title": "Button Radius",
                "name": "button_radius",
                "description": "",
                "default_value": "100",
                "min": "0",
                "max": "100",
                "step": "1",
                "units": "px",
                "is_responsive": false,
                "default_value_tablet": "",
                "default_value_mobile": "",
                "selector": ".ue_btn",
                "selector_value": "border-radius: {{SIZE}}{{UNIT}};",
                "__attr_catid__": "cat_style_t3sdgjhv"
            },
            {
                "type": "uc_radioboolean",
                "title": "Show Fade Overlay",
                "name": "show_overlay",
                "description": "Show fade overlay when turn to back side",
                "default_value": "false",
                "true_name": "Yes",
                "true_value": "true",
                "false_name": "No",
                "false_value": "false",
                "__attr_catid__": "cat_content_fj7xxzs7"
            },
            {
                "type": "uc_hr",
                "title": "Line After Overlay",
                "name": "hr3",
                "description": "",
                "__attr_catid__": "cat_content_fj7xxzs7"
            },
            {
                "type": "uc_radioboolean",
                "title": "Show Front Icon",
                "name": "show_front_icon",
                "description": "",
                "default_value": "true",
                "true_name": "Yes",
                "true_value": "true",
                "false_name": "No",
                "false_value": "false",
                "__attr_catid__": "cat_content_fj7xxzs7"
            },
            {
                "type": "uc_radioboolean",
                "title": "Show Front Title",
                "name": "show_front_title",
                "description": "",
                "default_value": "true",
                "true_name": "Yes",
                "true_value": "true",
                "false_name": "No",
                "false_value": "false",
                "__attr_catid__": "cat_content_fj7xxzs7"
            },
            {
                "type": "uc_radioboolean",
                "title": "Show Front Text",
                "name": "show_front_text",
                "description": "",
                "default_value": "true",
                "true_name": "Yes",
                "true_value": "true",
                "false_name": "No",
                "false_value": "false",
                "__attr_catid__": "cat_content_fj7xxzs7"
            },
            {
                "type": "uc_hr",
                "title": "Line",
                "name": "line",
                "description": "",
                "__attr_catid__": "cat_content_fj7xxzs7"
            },
            {
                "type": "uc_radioboolean",
                "title": "Show Back Icon",
                "name": "show_back_icon",
                "description": "",
                "default_value": "true",
                "true_name": "Yes",
                "true_value": "true",
                "false_name": "No",
                "false_value": "false",
                "__attr_catid__": "cat_content_fj7xxzs7"
            },
            {
                "type": "uc_radioboolean",
                "title": "Show Back Title",
                "name": "show_back_title",
                "description": "",
                "default_value": "true",
                "true_name": "Yes",
                "true_value": "true",
                "false_name": "No",
                "false_value": "false",
                "__attr_catid__": "cat_content_fj7xxzs7"
            },
            {
                "type": "uc_radioboolean",
                "title": "Show Back Text",
                "name": "show_back_text",
                "description": "",
                "default_value": "true",
                "true_name": "Yes",
                "true_value": "true",
                "false_name": "No",
                "false_value": "false",
                "__attr_catid__": "cat_content_fj7xxzs7"
            },
            {
                "type": "uc_radioboolean",
                "title": "Show Back Button",
                "name": "show_back_button",
                "description": "",
                "default_value": "true",
                "true_name": "Yes",
                "true_value": "true",
                "false_name": "No",
                "false_value": "false",
                "__attr_catid__": "cat_content_fj7xxzs7"
            },
            {
                "type": "uc_colorpicker",
                "title": "Front Title Color",
                "name": "front_title_color",
                "description": "",
                "default_value": "#ffffff",
                "selector": ".ue-flip-box__panel--front .ue-flip-box__title",
                "selector_value": "color:{{VALUE}};",
                "show_more_selectors": false,
                "selector2": "",
                "selector2_value": "",
                "selector3": "",
                "selector3_value": "",
                "__attr_catid__": "cat_style_hhp5ik5r"
            },
            {
                "type": "uc_colorpicker",
                "title": "Back Title Color",
                "name": "back_title_color",
                "description": "",
                "default_value": "#ffffff",
                "selector": ".ue-flip-box__panel--back .ue-flip-box__title",
                "selector_value": "color:{{VALUE}};",
                "__attr_catid__": "cat_style_ng7w3cu4"
            },
            {
                "type": "uc_typography",
                "title": "Front Title Typography",
                "name": "front_title_typography",
                "description": "",
                "selector1": ".ue-flip-box__panel--front .ue-flip-box__title",
                "selector2": "",
                "selector3": "",
                "__attr_catid__": "cat_style_hhp5ik5r"
            },
            {
                "type": "uc_typography",
                "title": "Back Title Typography",
                "name": "back_title_typography",
                "description": "",
                "selector1": ".ue-flip-box__panel--back .ue-flip-box__title",
                "selector2": "",
                "selector3": "",
                "__attr_catid__": "cat_style_ng7w3cu4"
            },
            {
                "type": "uc_textshadow",
                "title": "Front Title Text Shadow",
                "name": "front_title_text_shadow",
                "description": "",
                "selector": ".ue-flip-box__panel--front .ue-flip-box__title",
                "__attr_catid__": "cat_style_hhp5ik5r"
            },
            {
                "type": "uc_textshadow",
                "title": "Back Title Text Shadow",
                "name": "back_title_text_shadow",
                "description": "",
                "selector": ".ue-flip-box__panel--back .ue-flip-box__title",
                "__attr_catid__": "cat_style_ng7w3cu4"
            },
            {
                "type": "uc_slider",
                "title": "Front Title Spacing",
                "name": "front_title_spacing",
                "description": "",
                "default_value": "10",
                "min": "0",
                "max": "100",
                "step": "1",
                "units": "px",
                "is_responsive": false,
                "default_value_tablet": "",
                "default_value_mobile": "",
                "selector": ".ue-flip-box__panel--front .ue-flip-box__title",
                "selector_value": "margin-top: {{SIZE}}{{UNIT}};",
                "__attr_catid__": "cat_style_hhp5ik5r"
            },
            {
                "type": "uc_slider",
                "title": "Back Title Spacing",
                "name": "back_title_spacing",
                "description": "",
                "default_value": "10",
                "min": "0",
                "max": "100",
                "step": "1",
                "units": "px",
                "is_responsive": false,
                "default_value_tablet": "",
                "default_value_mobile": "",
                "selector": ".ue-flip-box__panel--back .ue-flip-box__title",
                "selector_value": "margin-top: {{SIZE}}{{UNIT}};",
                "__attr_catid__": "cat_style_ng7w3cu4"
            },
            {
                "type": "uc_hr",
                "title": "Line2",
                "name": "line2",
                "description": "",
                "__attr_catid__": "cat_style_hhp5ik5r"
            },
            {
                "type": "uc_colorpicker",
                "title": "Front Text Color",
                "name": "front_text_color",
                "description": "",
                "default_value": "rgba(255, 255, 255, 0.70)",
                "selector": ".ue-flip-box__panel--front .ue-flip-box__description",
                "selector_value": "color:{{VALUE}};",
                "show_more_selectors": false,
                "selector2": "",
                "selector2_value": "",
                "selector3": "",
                "selector3_value": "",
                "__attr_catid__": "cat_style_hhp5ik5r"
            },
            {
                "type": "uc_hr",
                "title": "Line3",
                "name": "line3",
                "description": "",
                "__attr_catid__": "cat_style_ng7w3cu4"
            },
            {
                "type": "uc_colorpicker",
                "title": "Back Text Color",
                "name": "back_text_color",
                "description": "",
                "default_value": "#c6c6c6",
                "selector": ".ue-flip-box__panel--back .ue-flip-box__description",
                "selector_value": "color:{{VALUE}};",
                "__attr_catid__": "cat_style_ng7w3cu4"
            },
            {
                "type": "uc_typography",
                "title": "Front Text Typography",
                "name": "front_text_typography",
                "description": "",
                "selector1": ".ue-flip-box__panel--front .ue-flip-box__description",
                "selector2": "",
                "selector3": "",
                "__attr_catid__": "cat_style_hhp5ik5r"
            },
            {
                "type": "uc_typography",
                "title": "Back Text Typography",
                "name": "back_text_typography",
                "description": "",
                "selector1": ".ue-flip-box__panel--back .ue-flip-box__description",
                "selector2": "",
                "selector3": "",
                "__attr_catid__": "cat_style_ng7w3cu4"
            },
            {
                "type": "uc_textshadow",
                "title": "Front Text Shadow",
                "name": "front_text_shadow",
                "description": "",
                "selector": ".ue-flip-box__panel--front .ue-flip-box__description",
                "__attr_catid__": "cat_style_hhp5ik5r"
            },
            {
                "type": "uc_textshadow",
                "title": "Back Text Shadow",
                "name": "back_text_shadow",
                "description": "",
                "selector": ".ue-flip-box__panel--back .ue-flip-box__description",
                "__attr_catid__": "cat_style_ng7w3cu4"
            },
            {
                "type": "uc_slider",
                "title": "Front Text Spacing",
                "name": "front_text_spacing",
                "description": "",
                "default_value": "10",
                "min": "0",
                "max": "100",
                "step": "1",
                "units": "px",
                "is_responsive": false,
                "default_value_tablet": "",
                "default_value_mobile": "",
                "selector": ".ue-flip-box__panel--front .ue-flip-box__description",
                "selector_value": "margin-top: {{SIZE}}{{UNIT}};",
                "__attr_catid__": "cat_style_hhp5ik5r"
            },
            {
                "type": "uc_slider",
                "title": "Back Text Spacing",
                "name": "back_text_spacing",
                "description": "",
                "default_value": "10",
                "min": "0",
                "max": "100",
                "step": "1",
                "units": "px",
                "is_responsive": false,
                "default_value_tablet": "",
                "default_value_mobile": "",
                "selector": ".ue-flip-box__panel--back .ue-flip-box__description",
                "selector_value": "margin-top: {{SIZE}}{{UNIT}};",
                "__attr_catid__": "cat_style_ng7w3cu4"
            },
            {
                "type": "uc_typography",
                "title": "Button Typography",
                "name": "button_typography",
                "description": "",
                "selector1": ".ue_btn",
                "selector2": "",
                "selector3": "",
                "__attr_catid__": "cat_style_t3sdgjhv"
            },
            {
                "type": "uc_textshadow",
                "title": "Button Text Shadow",
                "name": "button_text_shadow",
                "description": "",
                "selector": ".ue_btn",
                "__attr_catid__": "cat_style_t3sdgjhv"
            },
            {
                "type": "uc_slider",
                "title": "Icon Wrapper Size ",
                "name": "icon_wrapper_size",
                "description": "",
                "default_value": "62",
                "min": "10",
                "max": "100",
                "step": "1",
                "units": "px",
                "is_responsive": true,
                "default_value_tablet": "",
                "default_value_mobile": "",
                "selector": ".ue-flip-box__panel--front .ue-flip-box__icon",
                "selector_value": "width: {{SIZE}}{{UNIT}}; height: {{SIZE}}{{UNIT}};",
                "__attr_catid__": "cat_style_z9b9frc8"
            },
            {
                "type": "uc_slider",
                "title": "Icon Wrapper Size ",
                "name": "icon_wrapper_size_back",
                "description": "",
                "default_value": "62",
                "min": "10",
                "max": "100",
                "step": "1",
                "units": "px",
                "is_responsive": true,
                "default_value_tablet": "",
                "default_value_mobile": "",
                "selector": ".ue-flip-box__panel--back .ue-flip-box__icon",
                "selector_value": "width: {{SIZE}}{{UNIT}}; height: {{SIZE}}{{UNIT}};",
                "__attr_catid__": "cat_style_ui129ulm"
            },
            {
                "type": "uc_colorpicker",
                "title": "Icon Background Color",
                "name": "icon_background_color",
                "description": "",
                "default_value": "#ffffff",
                "selector": ".ue-flip-box__panel--front .ue-flip-box__icon",
                "selector_value": "background-color:{{VALUE}};",
                "show_more_selectors": false,
                "selector2": "",
                "selector2_value": "",
                "selector3": "",
                "selector3_value": "",
                "__attr_catid__": "cat_style_z9b9frc8"
            },
            {
                "type": "uc_colorpicker",
                "title": "Icon Background Color",
                "name": "icon_background_color_back",
                "description": "",
                "default_value": "#6a6a6a",
                "selector": ".ue-flip-box__panel--back .ue-flip-box__icon",
                "selector_value": "background-color:{{VALUE}};",
                "__attr_catid__": "cat_style_ui129ulm"
            },
            {
                "type": "uc_border",
                "title": "Icon Border",
                "name": "icon_border",
                "description": "",
                "border_type": "none",
                "border_color": "",
                "width_desktop_top": "",
                "width_desktop_right": "",
                "width_desktop_bottom": "",
                "width_desktop_left": "",
                "width_tablet_top": "",
                "width_tablet_right": "",
                "width_tablet_bottom": "",
                "width_tablet_left": "",
                "width_mobile_top": "",
                "width_mobile_right": "",
                "width_mobile_bottom": "",
                "width_mobile_left": "",
                "selector": ".ue-flip-box__panel--front .ue-flip-box__icon",
                "__attr_catid__": "cat_style_z9b9frc8"
            },
            {
                "type": "uc_border",
                "title": "Icon Border",
                "name": "icon_border_back",
                "description": "",
                "border_type": "none",
                "border_color": "",
                "width_desktop_top": "",
                "width_desktop_right": "",
                "width_desktop_bottom": "",
                "width_desktop_left": "",
                "width_tablet_top": "",
                "width_tablet_right": "",
                "width_tablet_bottom": "",
                "width_tablet_left": "",
                "width_mobile_top": "",
                "width_mobile_right": "",
                "width_mobile_bottom": "",
                "width_mobile_left": "",
                "selector": ".ue-flip-box__panel--back .ue-flip-box__icon",
                "__attr_catid__": "cat_style_ui129ulm"
            },
            {
                "type": "uc_slider",
                "title": "Icon Radius",
                "name": "icon_radius",
                "description": "",
                "default_value": "100",
                "min": "0",
                "max": "100",
                "step": "1",
                "units": "px",
                "is_responsive": false,
                "default_value_tablet": "",
                "default_value_mobile": "",
                "selector": ".ue-flip-box__panel--front .ue-flip-box__icon",
                "selector_value": "border-radius: {{SIZE}}{{UNIT}};",
                "__attr_catid__": "cat_style_z9b9frc8"
            },
            {
                "type": "uc_slider",
                "title": "Icon Radius",
                "name": "icon_radius_back",
                "description": "",
                "default_value": "100",
                "min": "0",
                "max": "100",
                "step": "1",
                "units": "px",
                "is_responsive": false,
                "default_value_tablet": "",
                "default_value_mobile": "",
                "selector": ".ue-flip-box__panel--back .ue-flip-box__icon",
                "selector_value": "border-radius: {{SIZE}}{{UNIT}};",
                "__attr_catid__": "cat_style_ui129ulm"
            },
            {
                "type": "uc_background",
                "title": "Background",
                "name": "overlay_background",
                "description": "",
                "background_type": "solid",
                "solid_color": "rgba(0, 0, 0, 0.70)",
                "solid_bg_image": "",
                "solid_bg_image_position": "",
                "solid_bg_image_repeat": "",
                "solid_bg_image_size": "",
                "gradient_color1": "",
                "gradient_color2": "",
                "selector": ".ue-flip-box__overlay",
                "__attr_catid__": "cat_style_ecuu6ack"
            },
            {
                "type": "uc_icon_library",
                "title": "Front Trigger Button",
                "name": "front_trigger_button",
                "description": "Only if trigger is set to trigger button",
                "default_value": "fas fa-plus-circle",
                "enable_svg": true,
                "put_svg_as": "svg",
                "__attr_catid__": "cat_general_general"
            },
            {
                "type": "uc_icon_library",
                "title": "Back Trigger Button",
                "name": "back_trigger_button",
                "description": "Only if trigger is set to trigger button",
                "default_value": "far fa-times-circle",
                "enable_svg": true,
                "put_svg_as": "svg",
                "__attr_catid__": "cat_content_36zr0k60"
            },
            {
                "type": "uc_slider",
                "title": "Front Trigger Size",
                "name": "front_trigger_size",
                "description": "",
                "default_value": "20",
                "min": "1",
                "max": "100",
                "step": "1",
                "units": "px",
                "is_responsive": true,
                "default_value_tablet": "",
                "default_value_mobile": "",
                "selector": ".ue-flip-box__front-trigger",
                "selector_value": "font-size: {{SIZE}}{{UNIT}};",
                "show_more_selectors": false,
                "selector2": "",
                "selector2_value": "width: {{SIZE}}{{UNIT}};",
                "selector3": "",
                "selector3_value": "width: {{SIZE}}{{UNIT}};",
                "__attr_catid__": "cat_style_lt54vl40"
            },
            {
                "type": "uc_slider",
                "title": "Back Trigger Size",
                "name": "back_trigger_size",
                "description": "",
                "default_value": "20",
                "min": "1",
                "max": "100",
                "step": "1",
                "units": "px",
                "is_responsive": true,
                "default_value_tablet": "",
                "default_value_mobile": "",
                "selector": ".ue-flip-box__back-trigger",
                "selector_value": "font-size: {{SIZE}}{{UNIT}};",
                "show_more_selectors": false,
                "selector2": "",
                "selector2_value": "width: {{SIZE}}{{UNIT}};",
                "selector3": "",
                "selector3_value": "width: {{SIZE}}{{UNIT}};",
                "__attr_catid__": "cat_style_0za2qc0c"
            },
            {
                "type": "uc_dropdown",
                "title": "Front Trigger Horizontal Position",
                "name": "front_trigger_horizontal_position",
                "description": "",
                "options": {
                    "Left": "left",
                    "Right": "right"
                },
                "default_value": "right",
                "selector": "",
                "selector_value": "",
                "show_more_selectors": false,
                "selector2": "",
                "selector2_value": "",
                "selector3": "",
                "selector3_value": "",
                "is_responsive": false,
                "default_value_tablet": "",
                "default_value_mobile": "",
                "__attr_catid__": "cat_style_lt54vl40"
            },
            {
                "type": "uc_dropdown",
                "title": "Back Trigger Horizontal Position",
                "name": "back_trigger_horizontal_position",
                "description": "",
                "options": {
                    "Left": "left",
                    "Right": "right"
                },
                "default_value": "right",
                "selector": "",
                "selector_value": "",
                "show_more_selectors": false,
                "selector2": "",
                "selector2_value": "",
                "selector3": "",
                "selector3_value": "",
                "is_responsive": false,
                "default_value_tablet": "",
                "default_value_mobile": "",
                "__attr_catid__": "cat_style_0za2qc0c"
            },
            {
                "type": "uc_number",
                "title": "Front Trigger Horizontal Spacing",
                "name": "front_trigger_horizontal_spacing",
                "description": "",
                "default_value": "20",
                "unit": "px",
                "unit_custom": "",
                "min_value": "",
                "max_value": "",
                "step": "",
                "is_responsive": false,
                "default_value_tablet": "",
                "default_value_mobile": "",
                "selector": "",
                "selector_value": "",
                "show_more_selectors": false,
                "selector2": "",
                "selector2_value": "",
                "selector3": "",
                "selector3_value": "",
                "__attr_catid__": "cat_style_lt54vl40"
            },
            {
                "type": "uc_number",
                "title": "Back Trigger Horizontal Spacing",
                "name": "back_trigger_horizontal_spacing",
                "description": "",
                "default_value": "20",
                "unit": "px",
                "unit_custom": "",
                "min_value": "",
                "max_value": "",
                "step": "",
                "is_responsive": false,
                "default_value_tablet": "",
                "default_value_mobile": "",
                "selector": "",
                "selector_value": "",
                "show_more_selectors": false,
                "selector2": "",
                "selector2_value": "",
                "selector3": "",
                "selector3_value": "",
                "__attr_catid__": "cat_style_0za2qc0c"
            },
            {
                "type": "uc_dropdown",
                "title": "Front Trigger Vertical Position",
                "name": "front_trigger_vertical_position",
                "description": "",
                "options": {
                    "Top": "top",
                    "Bottom": "bottom"
                },
                "default_value": "bottom",
                "selector": "",
                "selector_value": "",
                "show_more_selectors": false,
                "selector2": "",
                "selector2_value": "",
                "selector3": "",
                "selector3_value": "",
                "is_responsive": false,
                "default_value_tablet": "",
                "default_value_mobile": "",
                "__attr_catid__": "cat_style_lt54vl40"
            },
            {
                "type": "uc_dropdown",
                "title": "Back Trigger Vertical Position",
                "name": "back_trigger_vertical_position",
                "description": "",
                "options": {
                    "Top": "top",
                    "Bottom": "bottom"
                },
                "default_value": "bottom",
                "selector": "",
                "selector_value": "",
                "show_more_selectors": false,
                "selector2": "",
                "selector2_value": "",
                "selector3": "",
                "selector3_value": "",
                "is_responsive": false,
                "default_value_tablet": "",
                "default_value_mobile": "",
                "__attr_catid__": "cat_style_0za2qc0c"
            },
            {
                "type": "uc_number",
                "title": "Front Trigger Vertical Spacing",
                "name": "front_trigger_vertical_spacing",
                "description": "",
                "default_value": "20",
                "unit": "px",
                "unit_custom": "",
                "min_value": "",
                "max_value": "",
                "step": "",
                "is_responsive": false,
                "default_value_tablet": "",
                "default_value_mobile": "",
                "selector": "",
                "selector_value": "",
                "show_more_selectors": false,
                "selector2": "",
                "selector2_value": "",
                "selector3": "",
                "selector3_value": "",
                "__attr_catid__": "cat_style_lt54vl40"
            },
            {
                "type": "uc_number",
                "title": "Back Trigger Vertical Spacing",
                "name": "back_trigger_vertical_spacing",
                "description": "",
                "default_value": "20",
                "unit": "px",
                "unit_custom": "",
                "min_value": "",
                "max_value": "",
                "step": "",
                "is_responsive": false,
                "default_value_tablet": "",
                "default_value_mobile": "",
                "selector": "",
                "selector_value": "",
                "show_more_selectors": false,
                "selector2": "",
                "selector2_value": "",
                "selector3": "",
                "selector3_value": "",
                "__attr_catid__": "cat_style_0za2qc0c"
            },
            {
                "type": "uc_colorpicker",
                "title": "Front Trigger Color",
                "name": "front_trigger_color",
                "description": "",
                "default_value": "#303030",
                "selector": ".ue-flip-box__front-trigger",
                "selector_value": "color:{{VALUE}};",
                "show_more_selectors": true,
                "selector2": ".ue-flip-box__front-trigger svg",
                "selector2_value": "fill:{{VALUE}};",
                "selector3": "",
                "selector3_value": "",
                "__attr_catid__": "cat_style_lt54vl40"
            },
            {
                "type": "uc_colorpicker",
                "title": "Front Trigger Color Hover",
                "name": "front_trigger_color_hover",
                "description": "",
                "default_value": "#303030",
                "selector": ".ue-flip-box__front-trigger:hover",
                "selector_value": "color:{{VALUE}};",
                "show_more_selectors": true,
                "selector2": ".ue-flip-box__front-trigger:hover svg",
                "selector2_value": "fill:{{VALUE}};",
                "selector3": "",
                "selector3_value": "",
                "__attr_catid__": "cat_style_lt54vl40"
            },
            {
                "type": "uc_colorpicker",
                "title": "Back Trigger Color",
                "name": "back_trigger_color",
                "description": "",
                "default_value": "#ececec",
                "selector": ".ue-flip-box__back-trigger",
                "selector_value": "color:{{VALUE}};",
                "show_more_selectors": true,
                "selector2": ".ue-flip-box__back-trigger svg",
                "selector2_value": "fill:{{VALUE}};",
                "selector3": "",
                "selector3_value": "",
                "__attr_catid__": "cat_style_0za2qc0c"
            },
            {
                "type": "uc_colorpicker",
                "title": "Back Trigger Color Hover",
                "name": "back_trigger_color_hover",
                "description": "",
                "default_value": "#ececec",
                "selector": ".ue-flip-box__back-trigger:hover",
                "selector_value": "color:{{VALUE}};",
                "show_more_selectors": true,
                "selector2": ".ue-flip-box__back-trigger:hover svg",
                "selector2_value": "fill:{{VALUE}};",
                "selector3": "",
                "selector3_value": "",
                "__attr_catid__": "cat_style_0za2qc0c"
            },
            {
                "type": "uc_slider",
                "title": "Background Overlay Opacity",
                "name": "background_overlay_opacity",
                "description": "",
                "default_value": "100",
                "min": "0",
                "max": "100",
                "step": "1",
                "units": "%",
                "is_responsive": false,
                "default_value_tablet": "",
                "default_value_mobile": "",
                "selector": ".ue-flip-box__overlay",
                "selector_value": "opacity: {{SIZE}}{{UNIT}};",
                "show_more_selectors": false,
                "selector2": "",
                "selector2_value": "width: {{SIZE}}{{UNIT}};",
                "selector3": "",
                "selector3_value": "width: {{SIZE}}{{UNIT}};",
                "__attr_catid__": "cat_style_ecuu6ack"
            },
            {
                "type": "uc_slider",
                "title": "Back Trigger Opacity",
                "name": "back_trigger_opacity",
                "description": "",
                "default_value": "100",
                "min": "0",
                "max": "100",
                "step": "1",
                "units": "%",
                "is_responsive": false,
                "default_value_tablet": "",
                "default_value_mobile": "",
                "selector": ".ue-flip-box__back-trigger",
                "selector_value": "opacity: {{SIZE}}{{UNIT}};",
                "show_more_selectors": false,
                "selector2": "",
                "selector2_value": "width: {{SIZE}}{{UNIT}};",
                "selector3": "",
                "selector3_value": "width: {{SIZE}}{{UNIT}};",
                "__attr_catid__": "cat_style_0za2qc0c"
            },
            {
                "type": "uc_slider",
                "title": "Front Trigger Opacity",
                "name": "front_trigger_opacity",
                "description": "",
                "default_value": "100",
                "min": "0",
                "max": "100",
                "step": "1",
                "units": "%",
                "is_responsive": false,
                "default_value_tablet": "",
                "default_value_mobile": "",
                "selector": ".ue-flip-box__front-trigger",
                "selector_value": "opacity: {{SIZE}}{{UNIT}};",
                "show_more_selectors": false,
                "selector2": "",
                "selector2_value": "width: {{SIZE}}{{UNIT}};",
                "selector3": "",
                "selector3_value": "width: {{SIZE}}{{UNIT}};",
                "__attr_catid__": "cat_style_lt54vl40"
            },
            {
                "type": "uc_radioboolean",
                "title": "Show Back Trigger Button",
                "name": "show_back_trigger_button",
                "description": "allow to hide the trigger button on back if selected",
                "default_value": "true",
                "true_name": "Yes",
                "true_value": "true",
                "false_name": "No",
                "false_value": "false",
                "__attr_catid__": "cat_content_fj7xxzs7"
            },
            {
                "type": "uc_colorpicker",
                "title": "Overlay",
                "name": "overlay",
                "description": "",
                "enable_condition": false,
                "condition_attribute": "",
                "condition_operator": "equal",
                "condition_value": [],
                "condition_attribute2": "",
                "condition_operator2": "equal",
                "condition_value2": null,
                "label_block": false,
                "tabname": "",
                "default_value": "",
                "selector": ".ue-flip-box__panel--front-overlay",
                "selector_value": "background-color:{{VALUE}};",
                "show_more_selectors": false,
                "selector2": "",
                "selector2_value": "",
                "selector3": "",
                "selector3_value": "",
                "__attr_catid__": "cat_style_h3fkhj85"
            },
            {
                "type": "uc_colorpicker",
                "title": "Overlay",
                "name": "overlay_copy",
                "description": "",
                "enable_condition": false,
                "condition_attribute": "",
                "condition_operator": "equal",
                "condition_value": [],
                "condition_attribute2": "",
                "condition_operator2": "equal",
                "condition_value2": null,
                "label_block": false,
                "tabname": "",
                "default_value": "",
                "selector": ".ue-flip-box__panel--back-overlay",
                "selector_value": "background-color:{{VALUE}};",
                "show_more_selectors": false,
                "selector2": "",
                "selector2_value": "",
                "selector3": "",
                "selector3_value": "",
                "__attr_catid__": "cat_style_fy2nof1e"
            },
            {
                "type": "uc_radioboolean",
                "title": "Close On Body Click",
                "name": "close_on_body_click",
                "description": "",
                "enable_condition": true,
                "condition_attribute": "animation_trigger",
                "condition_operator": "equal",
                "condition_value": [
                    "click"
                ],
                "condition_attribute2": "",
                "condition_operator2": "equal",
                "condition_value2": null,
                "label_block": false,
                "tabname": "",
                "default_value": "false",
                "true_name": "Yes",
                "true_value": "true",
                "false_name": "No",
                "false_value": "false",
                "is_responsive": false,
                "default_value_tablet": "",
                "default_value_mobile": "",
                "__attr_catid__": "cat_content_6dp5d0ng"
            }
        ],
        "params_items": [
            {
                "type": "uc_textfield",
                "title": "Title",
                "name": "title",
                "description": "",
                "default_value": "",
                "limited_edit": true
            }
        ],
        "includes": {
            "js": [
                {
                    "url": "uc_flip_box_base\/ue-flip-box.js",
                    "condition": null,
                    "params": null
                }
            ],
            "jslib": [
                "jquery",
                "font-awsome"
            ],
            "css": [
                {
                    "url": "uc_flip_box_base\/animations\/ue-flipbox-styles.css",
                    "condition": null,
                    "params": null
                }
            ]
        },
        "variables_item": [],
        "variables_main": [],
        "params_cats": [
            {
                "id": "cat_content_6dp5d0ng",
                "title": "General",
                "tab": "content"
            },
            {
                "id": "cat_general_general",
                "title": "Front Panel",
                "tab": "content"
            },
            {
                "id": "cat_content_36zr0k60",
                "title": "Back Panel",
                "tab": "content"
            },
            {
                "id": "cat_content_fj7xxzs7",
                "title": "Layout",
                "tab": "content"
            },
            {
                "id": "cat_style_h3fkhj85",
                "title": "Front Panel",
                "tab": "style"
            },
            {
                "id": "cat_style_z9b9frc8",
                "title": "Front Icon",
                "tab": "style"
            },
            {
                "id": "cat_style_hhp5ik5r",
                "title": "Front Typography",
                "tab": "style"
            },
            {
                "id": "cat_style_lt54vl40",
                "title": "Front Trigger",
                "tab": "style"
            },
            {
                "id": "cat_style_fy2nof1e",
                "title": "Back Panel",
                "tab": "style"
            },
            {
                "id": "cat_style_ui129ulm",
                "title": "Back Icon",
                "tab": "style"
            },
            {
                "id": "cat_style_ng7w3cu4",
                "title": "Back Typography",
                "tab": "style"
            },
            {
                "id": "cat_style_t3sdgjhv",
                "title": "Back Button",
                "tab": "style"
            },
            {
                "id": "cat_style_0za2qc0c",
                "title": "Back Trigger",
                "tab": "style"
            },
            {
                "id": "cat_style_ecuu6ack",
                "title": "Overlay",
                "tab": "style"
            }
        ]
    },
    "templates": [
        "html",
        "css",
        "js"
    ]
}