{
    "addontype": "",
    "cattitle": "Remote Control Widgets",
    "name": "remote_play_pause",
    "alias": "",
    "title": "Remote Play Pause",
    "description": "",
    "config": {
        "options": {
            "enable_items": "false",
            "items_section_title": "",
            "items_section_heading": "",
            "items_title_field": "",
            "path_assets": "remote_play_pause",
            "js_as_module": false,
            "addon_icon": "",
            "dynamic_addon": "false",
            "dynamic_post_enable_customfields": "false",
            "dynamic_post_enable_category": "false",
            "description": "",
            "link_resource": "https:\/\/unlimited-elements.com\/docs\/remote-control-widgets\/",
            "link_preview": "https:\/\/unlimited-elements.com\/remote-control-widgets",
            "show_small_icon": "true",
            "preview_size_unite_selected_text": "Full Size",
            "preview_size": "full",
            "preview_custom_width": "",
            "preview_bgcol": "#ffffff",
            "special": "",
            "special_data": "",
            "is_free_addon": true,
            "is_new_addon": false,
            "is_last_updated": false,
            "is_trending": false
        },
        "params": [
            {
                "type": "uc_listing",
                "title": "Remote",
                "name": "remote",
                "description": "",
                "enable_condition": false,
                "condition_attribute": "",
                "condition_operator": "equal",
                "condition_value": null,
                "condition_attribute2": "",
                "condition_operator2": "equal",
                "condition_value2": null,
                "label_block": false,
                "tabname": "",
                "use_for": "remote",
                "gallery_enable_video": false,
                "enable_pagination": false,
                "remote_type": "controller",
                "__attr_catid__": "cat_general_general"
            },
            {
                "type": "uc_icon_library",
                "title": "Play",
                "name": "play",
                "description": "",
                "enable_condition": false,
                "condition_attribute": null,
                "condition_operator": "equal",
                "condition_value": null,
                "label_block": false,
                "default_value": "fas fa-play",
                "enable_svg": true,
                "put_svg_as": "svg",
                "__attr_catid__": "cat_general_general"
            },
            {
                "type": "uc_icon_library",
                "title": "Pause",
                "name": "pause",
                "description": "",
                "enable_condition": false,
                "condition_attribute": null,
                "condition_operator": "equal",
                "condition_value": null,
                "label_block": false,
                "default_value": "fas fa-pause",
                "enable_svg": true,
                "put_svg_as": "svg",
                "__attr_catid__": "cat_general_general"
            },
            {
                "type": "uc_background",
                "title": "Background",
                "name": "background",
                "description": "",
                "enable_condition": false,
                "condition_attribute": null,
                "condition_operator": "equal",
                "condition_value": null,
                "label_block": false,
                "background_type": "solid",
                "solid_color": "#000000",
                "solid_bg_image": "",
                "solid_bg_image_position": "",
                "solid_bg_image_repeat": "",
                "solid_bg_image_size": "",
                "gradient_color1": "",
                "gradient_color2": "",
                "selector": ".ue-remote-icon-control",
                "__attr_catid__": "cat_style_rdmm47xs"
            },
            {
                "type": "uc_hover_animations",
                "title": "Hover",
                "name": "hover",
                "description": "",
                "enable_condition": false,
                "condition_attribute": null,
                "condition_operator": "equal",
                "condition_value": null,
                "label_block": false,
                "default_value": "",
                "__attr_catid__": "cat_general_general"
            },
            {
                "type": "uc_background",
                "title": "Background Hover",
                "name": "background_hover",
                "description": "",
                "enable_condition": false,
                "condition_attribute": "",
                "condition_operator": "equal",
                "condition_value": null,
                "label_block": false,
                "background_type": "none",
                "solid_color": "",
                "solid_bg_image": "",
                "solid_bg_image_position": "",
                "solid_bg_image_repeat": "",
                "solid_bg_image_size": "",
                "gradient_color1": "",
                "gradient_color2": "",
                "selector": ".ue-remote-icon-control:hover",
                "__attr_catid__": "cat_style_rdmm47xs"
            },
            {
                "type": "uc_slider",
                "title": "Size",
                "name": "size",
                "description": "",
                "enable_condition": false,
                "condition_attribute": null,
                "condition_operator": "equal",
                "condition_value": null,
                "label_block": false,
                "default_value": "80",
                "min": "0",
                "max": "2000",
                "step": "1",
                "units": "px",
                "is_responsive": true,
                "default_value_tablet": "",
                "default_value_mobile": "",
                "selector": ".ue-remote-icon-control",
                "selector_value": "width: {{SIZE}}{{UNIT}}; height: {{SIZE}}{{UNIT}};",
                "show_more_selectors": false,
                "selector2": "",
                "selector2_value": "width: {{SIZE}}{{UNIT}};",
                "selector3": "",
                "selector3_value": "width: {{SIZE}}{{UNIT}};",
                "__attr_catid__": "cat_style_a6b4rnfc"
            },
            {
                "type": "uc_border_dimentions",
                "title": "Radius",
                "name": "radius",
                "description": "",
                "enable_condition": false,
                "condition_attribute": null,
                "condition_operator": "equal",
                "condition_value": null,
                "label_block": false,
                "is_responsive": true,
                "desktop_top": "100",
                "desktop_right": "100",
                "desktop_bottom": "100",
                "desktop_left": "100",
                "tablet_top": "",
                "tablet_right": "",
                "tablet_bottom": "",
                "tablet_left": "",
                "mobile_top": "",
                "mobile_right": "",
                "mobile_bottom": "",
                "mobile_left": "",
                "selector": ".ue-remote-icon-control",
                "__attr_catid__": "cat_style_a6b4rnfc"
            },
            {
                "type": "uc_border",
                "title": "Border",
                "name": "border",
                "description": "",
                "enable_condition": false,
                "condition_attribute": null,
                "condition_operator": "equal",
                "condition_value": null,
                "label_block": false,
                "border_type": "none",
                "border_color": "",
                "width_desktop_top": "",
                "width_desktop_right": "",
                "width_desktop_bottom": "",
                "width_desktop_left": "",
                "width_tablet_top": "",
                "width_tablet_right": "",
                "width_tablet_bottom": "",
                "width_tablet_left": "",
                "width_mobile_top": "",
                "width_mobile_right": "",
                "width_mobile_bottom": "",
                "width_mobile_left": "",
                "selector": ".ue-remote-icon-control",
                "__attr_catid__": "cat_style_a6b4rnfc"
            },
            {
                "type": "uc_colorpicker",
                "title": "Icon Color",
                "name": "icon_color",
                "description": "",
                "enable_condition": false,
                "condition_attribute": "",
                "condition_operator": "equal",
                "condition_value": null,
                "label_block": false,
                "default_value": "#ffffff",
                "selector": ".ue-remote-icon-control",
                "selector_value": "color:{{VALUE}};",
                "show_more_selectors": true,
                "selector2": ".ue-remote-icon-control svg",
                "selector2_value": "fill:{{VALUE}};",
                "selector3": "",
                "selector3_value": "",
                "__attr_catid__": "cat_style_a6b4rnfc"
            },
            {
                "type": "uc_dropdown",
                "title": "Alignment",
                "name": "alignment",
                "description": "",
                "enable_condition": false,
                "condition_attribute": null,
                "condition_operator": "equal",
                "condition_value": null,
                "label_block": false,
                "options": {
                    "Start": "flex-start",
                    "Center": "center",
                    "End": "flex-end"
                },
                "default_value": "center",
                "selector": ".remote_play_pause",
                "selector_value": "justify-content:{{VALUE}};",
                "show_more_selectors": false,
                "selector2": "",
                "selector2_value": "",
                "selector3": "",
                "selector3_value": "",
                "is_responsive": true,
                "default_value_tablet": "",
                "default_value_mobile": "",
                "__attr_catid__": "cat_general_general"
            },
            {
                "type": "uc_slider",
                "title": "Icon Size",
                "name": "icon_size",
                "description": "",
                "enable_condition": false,
                "condition_attribute": "",
                "condition_operator": "equal",
                "condition_value": null,
                "label_block": false,
                "default_value": "15",
                "min": "0",
                "max": "100",
                "step": "1",
                "units": "px",
                "is_responsive": true,
                "default_value_tablet": "",
                "default_value_mobile": "",
                "selector": ".ue-remote-icon-control",
                "selector_value": "font-size: {{SIZE}}{{UNIT}};",
                "show_more_selectors": false,
                "selector2": "",
                "selector2_value": "width: {{SIZE}}{{UNIT}};",
                "selector3": "",
                "selector3_value": "width: {{SIZE}}{{UNIT}};",
                "__attr_catid__": "cat_style_a6b4rnfc"
            }
        ],
        "params_items": [
            {
                "type": "uc_textfield",
                "title": "Title",
                "name": "title",
                "description": "",
                "default_value": "",
                "limited_edit": true
            }
        ],
        "includes": {
            "js": [],
            "jslib": [
                "jquery",
                "font-awsome"
            ],
            "css": []
        },
        "variables_item": [],
        "variables_main": [],
        "params_cats": [
            {
                "id": "cat_general_general",
                "title": "General",
                "tab": "content"
            },
            {
                "id": "cat_style_a6b4rnfc",
                "title": "Style",
                "tab": "style"
            },
            {
                "id": "cat_style_rdmm47xs",
                "title": "Background",
                "tab": "style"
            }
        ]
    },
    "templates": [
        "html",
        "css",
        "js"
    ]
}