{
    "addontype": "",
    "cattitle": "Button Widgets",
    "name": "blox_btn_group",
    "alias": "",
    "title": "Button Group",
    "description": "The most efficient way to create advanced multiple button layouts. Create advanced button layouts with an unlimited amount of buttons. Add trendy action buttons in your Elementor sections  and give each button different styles. Add hover animations to make your buttons stand out. Create social links using icons and directing to your social media accounts. Use SVG icons to create customized looking buttons on your website. ",
    "config": {
        "options": {
            "enable_items": "true",
            "items_section_title": "",
            "items_section_heading": "",
            "items_title_field": "",
            "path_assets": "blox_btn_group",
            "js_as_module": false,
            "addon_icon": "",
            "dynamic_addon": "false",
            "dynamic_post_enable_customfields": "false",
            "dynamic_post_enable_category": "false",
            "description": "The most efficient way to create advanced multiple button layouts. Create advanced button layouts with an unlimited amount of buttons. Add trendy action buttons in your Elementor sections  and give each button different styles. Add hover animations to make your buttons stand out. Create social links using icons and directing to your social media accounts. Use SVG icons to create customized looking buttons on your website. ",
            "link_resource": "",
            "link_preview": "https:\/\/unlimited-elements.com\/button-group-widget-for-elementor\/",
            "show_small_icon": "true",
            "preview_size_unite_selected_text": "Column Size",
            "preview_size": "column",
            "preview_custom_width": "",
            "preview_bgcol": "#ffffff",
            "special": "",
            "special_data": "",
            "is_free_addon": true,
            "is_new_addon": false,
            "is_last_updated": false,
            "is_trending": false
        },
        "params": [
            {
                "type": "uc_dropdown",
                "title": "Layout",
                "name": "layout",
                "description": "",
                "enable_condition": false,
                "condition_attribute": "",
                "condition_operator": "equal",
                "condition_value": [],
                "condition_attribute2": "",
                "condition_operator2": "equal",
                "condition_value2": null,
                "label_block": false,
                "tabname": "",
                "options": {
                    "Flex": "flex",
                    "Grid": "grid"
                },
                "default_value": "flex",
                "selector": "",
                "selector_value": "",
                "show_more_selectors": false,
                "selector2": "",
                "selector2_value": "",
                "selector3": "",
                "selector3_value": "",
                "is_responsive": false,
                "default_value_tablet": "",
                "default_value_mobile": "",
                "php_filter_name": "",
                "__attr_catid__": "cat_general_general"
            },
            {
                "type": "uc_slider",
                "title": "Gap",
                "name": "gap",
                "description": "",
                "enable_condition": false,
                "condition_attribute": "",
                "condition_operator": "equal",
                "condition_value": [],
                "condition_attribute2": "",
                "condition_operator2": "equal",
                "condition_value2": null,
                "label_block": false,
                "tabname": "",
                "default_value": "10",
                "min": "0",
                "max": "100",
                "step": "1",
                "units": "px",
                "is_responsive": true,
                "default_value_tablet": "",
                "default_value_mobile": "",
                "selector": ".blox_btn_group",
                "selector_value": "gap: {{SIZE}}{{UNIT}};",
                "show_more_selectors": false,
                "selector2": "",
                "selector2_value": "width: {{SIZE}}{{UNIT}};",
                "selector3": "",
                "selector3_value": "width: {{SIZE}}{{UNIT}};",
                "__attr_catid__": "cat_general_general"
            },
            {
                "type": "uc_number",
                "title": "Grid Columns",
                "name": "grid_columns",
                "description": "",
                "enable_condition": true,
                "condition_attribute": "layout",
                "condition_operator": "equal",
                "condition_value": [
                    "grid"
                ],
                "condition_attribute2": "",
                "condition_operator2": "equal",
                "condition_value2": null,
                "label_block": false,
                "tabname": "",
                "default_value": "2",
                "unit": "",
                "unit_custom": "",
                "min_value": "",
                "max_value": "",
                "step": "",
                "is_responsive": true,
                "default_value_tablet": "",
                "default_value_mobile": "",
                "selector": ".blox_btn_group",
                "selector_value": "grid-template-columns: repeat({{VALUE}}, minmax(0, 1fr));",
                "show_more_selectors": false,
                "selector2": "",
                "selector2_value": "",
                "selector3": "",
                "selector3_value": "",
                "__attr_catid__": "cat_general_general"
            },
            {
                "type": "uc_dropdown",
                "title": "Align",
                "name": "align",
                "description": "",
                "enable_condition": true,
                "condition_attribute": "layout",
                "condition_operator": "equal",
                "condition_value": [
                    "flex"
                ],
                "condition_attribute2": "",
                "condition_operator2": "equal",
                "condition_value2": null,
                "label_block": false,
                "tabname": "",
                "options": {
                    "Start": "flex-start",
                    "Center": "center",
                    "End": "flex-end"
                },
                "default_value": "center",
                "selector": ".blox_btn_group",
                "selector_value": "justify-content:{{VALUE}};",
                "show_more_selectors": false,
                "selector2": "",
                "selector2_value": "",
                "selector3": "",
                "selector3_value": "",
                "is_responsive": true,
                "default_value_tablet": "",
                "default_value_mobile": "",
                "php_filter_name": "",
                "__attr_catid__": "cat_general_general"
            },
            {
                "type": "uc_border_dimentions",
                "title": "Button Radius",
                "name": "rounded",
                "description": "",
                "enable_condition": false,
                "condition_attribute": "",
                "condition_operator": "equal",
                "condition_value": [],
                "condition_attribute2": "",
                "condition_operator2": "equal",
                "condition_value2": null,
                "label_block": false,
                "tabname": "",
                "is_responsive": true,
                "desktop_top": "",
                "desktop_right": "",
                "desktop_bottom": "",
                "desktop_left": "",
                "tablet_top": "",
                "tablet_right": "",
                "tablet_bottom": "",
                "tablet_left": "",
                "mobile_top": "",
                "mobile_right": "",
                "mobile_bottom": "",
                "mobile_left": "",
                "selector": ".blox_btn_group a",
                "__attr_catid__": "cat_style_d9rzrtn4"
            },
            {
                "type": "uc_padding",
                "title": "Button Padding",
                "name": "button_padding",
                "description": "",
                "enable_condition": false,
                "condition_attribute": "",
                "condition_operator": "equal",
                "condition_value": [],
                "condition_attribute2": "",
                "condition_operator2": "equal",
                "condition_value2": null,
                "label_block": false,
                "tabname": "",
                "is_responsive": true,
                "desktop_top": "15",
                "desktop_right": "15",
                "desktop_bottom": "15",
                "desktop_left": "15",
                "tablet_top": "",
                "tablet_right": "",
                "tablet_bottom": "",
                "tablet_left": "",
                "mobile_top": "",
                "mobile_right": "",
                "mobile_bottom": "",
                "mobile_left": "",
                "selector": ".blox_btn_group a",
                "__attr_catid__": "cat_style_d9rzrtn4"
            },
            {
                "type": "uc_border",
                "title": "Button Border",
                "name": "button_border",
                "description": "",
                "enable_condition": false,
                "condition_attribute": "",
                "condition_operator": "equal",
                "condition_value": [],
                "condition_attribute2": "",
                "condition_operator2": "equal",
                "condition_value2": null,
                "label_block": false,
                "tabname": "",
                "border_type": "none",
                "border_color": "",
                "width_desktop_top": "",
                "width_desktop_right": "",
                "width_desktop_bottom": "",
                "width_desktop_left": "",
                "width_tablet_top": "",
                "width_tablet_right": "",
                "width_tablet_bottom": "",
                "width_tablet_left": "",
                "width_mobile_top": "",
                "width_mobile_right": "",
                "width_mobile_bottom": "",
                "width_mobile_left": "",
                "selector": ".blox_btn_group a",
                "__attr_catid__": "cat_style_d9rzrtn4"
            },
            {
                "type": "uc_boxshadow",
                "title": "Button Shadow",
                "name": "button_shadow",
                "description": "",
                "enable_condition": false,
                "condition_attribute": "",
                "condition_operator": "equal",
                "condition_value": [],
                "condition_attribute2": "",
                "condition_operator2": "equal",
                "condition_value2": null,
                "label_block": false,
                "tabname": "",
                "selector": ".blox_btn_group a",
                "__attr_catid__": "cat_style_d9rzrtn4"
            },
            {
                "type": "uc_typography",
                "title": "Button Typography",
                "name": "button_typography",
                "description": "",
                "enable_condition": false,
                "condition_attribute": "",
                "condition_operator": "equal",
                "condition_value": [],
                "condition_attribute2": "",
                "condition_operator2": "equal",
                "condition_value2": null,
                "label_block": false,
                "tabname": "",
                "selector1": ".blox_btn_group a",
                "selector2": "",
                "selector3": "",
                "__attr_catid__": "cat_style_d9rzrtn4"
            },
            {
                "type": "uc_colorpicker",
                "title": "Button Text Color",
                "name": "button_text_color",
                "description": "",
                "enable_condition": false,
                "condition_attribute": "",
                "condition_operator": "equal",
                "condition_value": [],
                "condition_attribute2": "",
                "condition_operator2": "equal",
                "condition_value2": null,
                "label_block": false,
                "tabname": "",
                "default_value": "#ffffff",
                "selector": ".blox_btn_group a",
                "selector_value": "color:{{VALUE}};",
                "show_more_selectors": true,
                "selector2": ".blox_btn_group a svg",
                "selector2_value": "fill:{{VALUE}};",
                "selector3": "",
                "selector3_value": "",
                "__attr_catid__": "cat_style_d9rzrtn4"
            },
            {
                "type": "uc_colorpicker",
                "title": "Button Text Color Hover",
                "name": "button_text_color_hover",
                "description": "",
                "enable_condition": false,
                "condition_attribute": "",
                "condition_operator": "equal",
                "condition_value": [],
                "condition_attribute2": "",
                "condition_operator2": "equal",
                "condition_value2": null,
                "label_block": false,
                "tabname": "",
                "default_value": "",
                "selector": ".blox_btn_group a:hover",
                "selector_value": "color:{{VALUE}};",
                "show_more_selectors": true,
                "selector2": ".blox_btn_group a:hover svg",
                "selector2_value": "fill:{{VALUE}};",
                "selector3": "",
                "selector3_value": "",
                "__attr_catid__": "cat_style_vxigm9kc"
            },
            {
                "type": "uc_colorpicker",
                "title": "Button BG Color",
                "name": "button_bg_color",
                "description": "",
                "enable_condition": false,
                "condition_attribute": "",
                "condition_operator": "equal",
                "condition_value": [],
                "condition_attribute2": "",
                "condition_operator2": "equal",
                "condition_value2": null,
                "label_block": false,
                "tabname": "",
                "default_value": "#313131",
                "selector": ".blox_btn_group a",
                "selector_value": "background-color:{{VALUE}};",
                "show_more_selectors": false,
                "selector2": "",
                "selector2_value": "",
                "selector3": "",
                "selector3_value": "",
                "__attr_catid__": "cat_style_d9rzrtn4"
            },
            {
                "type": "uc_colorpicker",
                "title": "Button BG Color Hover",
                "name": "button_bg_color_hover",
                "description": "",
                "enable_condition": false,
                "condition_attribute": "",
                "condition_operator": "equal",
                "condition_value": [],
                "condition_attribute2": "",
                "condition_operator2": "equal",
                "condition_value2": null,
                "label_block": false,
                "tabname": "",
                "default_value": "",
                "selector": ".blox_btn_group a:hover",
                "selector_value": "background-color:{{VALUE}};",
                "show_more_selectors": false,
                "selector2": "",
                "selector2_value": "",
                "selector3": "",
                "selector3_value": "",
                "__attr_catid__": "cat_style_vxigm9kc"
            },
            {
                "type": "uc_dropdown",
                "title": "Output",
                "name": "output",
                "description": "",
                "enable_condition": false,
                "condition_attribute": "",
                "condition_operator": "equal",
                "condition_value": [],
                "condition_attribute2": "",
                "condition_operator2": "equal",
                "condition_value2": null,
                "label_block": false,
                "tabname": "",
                "options": {
                    "Regular": "regular",
                    "One Random": "one_random",
                    "Shuffle": "shuffle"
                },
                "default_value": "regular",
                "selector": "",
                "selector_value": "",
                "show_more_selectors": false,
                "selector2": "",
                "selector2_value": "",
                "selector3": "",
                "selector3_value": "",
                "is_responsive": false,
                "default_value_tablet": "",
                "default_value_mobile": "",
                "php_filter_name": "",
                "__attr_catid__": "cat_general_general"
            },
            {
                "type": "uc_dropdown",
                "title": "Button Text Align",
                "name": "button_text_align",
                "description": "",
                "enable_condition": false,
                "condition_attribute": "",
                "condition_operator": "equal",
                "condition_value": [],
                "condition_attribute2": "",
                "condition_operator2": "equal",
                "condition_value2": null,
                "label_block": false,
                "tabname": "",
                "options": {
                    "Left": "left",
                    "Center": "center",
                    "Right": "right"
                },
                "default_value": "center",
                "selector": "a",
                "selector_value": "text-align:{{VALUE}};",
                "show_more_selectors": false,
                "selector2": "",
                "selector2_value": "",
                "selector3": "",
                "selector3_value": "",
                "is_responsive": true,
                "default_value_tablet": "",
                "default_value_mobile": "",
                "php_filter_name": "",
                "__attr_catid__": "cat_style_d9rzrtn4"
            },
            {
                "type": "uc_slider",
                "title": "Icon Gap",
                "name": "icon_gap",
                "description": "",
                "enable_condition": false,
                "condition_attribute": "",
                "condition_operator": "equal",
                "condition_value": [],
                "condition_attribute2": "",
                "condition_operator2": "equal",
                "condition_value2": null,
                "label_block": false,
                "tabname": "",
                "default_value": "10",
                "min": "0",
                "max": "100",
                "step": "1",
                "units": "px",
                "is_responsive": true,
                "default_value_tablet": "",
                "default_value_mobile": "",
                "selector": ".blox_btn_group_inner",
                "selector_value": "gap: {{SIZE}}{{UNIT}};",
                "show_more_selectors": false,
                "selector2": "",
                "selector2_value": "width: {{SIZE}}{{UNIT}};",
                "selector3": "",
                "selector3_value": "width: {{SIZE}}{{UNIT}};",
                "__attr_catid__": "cat_style_d9rzrtn4"
            },
            {
                "type": "uc_hover_animations",
                "title": "Hover Effect",
                "name": "hover_effect",
                "description": "",
                "enable_condition": false,
                "condition_attribute": "",
                "condition_operator": "equal",
                "condition_value": [],
                "condition_attribute2": "",
                "condition_operator2": "equal",
                "condition_value2": null,
                "label_block": false,
                "tabname": "",
                "default_value": "",
                "__attr_catid__": "cat_general_general"
            },
            {
                "type": "uc_listing",
                "title": "Source",
                "name": "multisource",
                "description": "",
                "enable_condition": false,
                "condition_attribute": "",
                "condition_operator": "equal",
                "condition_value": [],
                "condition_attribute2": "",
                "condition_operator2": "equal",
                "condition_value2": null,
                "label_block": false,
                "tabname": "",
                "use_for": "items",
                "gallery_enable_video": false,
                "enable_pagination": true,
                "enable_ajax": true,
                "multisource_included_attributes": "link",
                "multisource_attributes_defaults": "",
                "remote_type": "parent",
                "controller_more_parents": false,
                "__attr_catid__": "cat_content_jb405q8t"
            }
        ],
        "params_items": [
            {
                "type": "uc_textfield",
                "title": "Button Text",
                "name": "title",
                "description": "",
                "enable_condition": false,
                "condition_attribute": null,
                "condition_operator": "equal",
                "condition_value": [],
                "condition_attribute2": null,
                "condition_operator2": "equal",
                "condition_value2": null,
                "label_block": false,
                "tabname": "Content",
                "default_value": "Button",
                "font_editable": false,
                "placeholder": "",
                "disable_dynamic": false
            },
            {
                "type": "uc_link",
                "title": "Link",
                "name": "link",
                "description": "",
                "enable_condition": false,
                "condition_attribute": null,
                "condition_operator": "equal",
                "condition_value": [],
                "condition_attribute2": null,
                "condition_operator2": "equal",
                "condition_value2": null,
                "label_block": false,
                "tabname": "Content",
                "default_value": "#"
            },
            {
                "type": "uc_radioboolean",
                "title": "Show Icon",
                "name": "show_icon",
                "description": "",
                "enable_condition": false,
                "condition_attribute": null,
                "condition_operator": "equal",
                "condition_value": [],
                "condition_attribute2": null,
                "condition_operator2": "equal",
                "condition_value2": null,
                "label_block": false,
                "tabname": "Content",
                "default_value": "false",
                "true_name": "Yes",
                "true_value": "true",
                "false_name": "No",
                "false_value": "false",
                "is_responsive": false,
                "default_value_tablet": "",
                "default_value_mobile": ""
            },
            {
                "type": "uc_icon_library",
                "title": "Icon",
                "name": "icon",
                "description": "",
                "enable_condition": true,
                "condition_attribute": "show_icon",
                "condition_operator": "equal",
                "condition_value": [
                    "true"
                ],
                "condition_attribute2": "",
                "condition_operator2": "equal",
                "condition_value2": null,
                "label_block": false,
                "tabname": "Content",
                "default_value": "fas fa-star",
                "enable_svg": true,
                "put_svg_as": "svg"
            },
            {
                "type": "uc_colorpicker",
                "title": "Text Color",
                "name": "txt_color",
                "description": "",
                "enable_condition": false,
                "condition_attribute": "",
                "condition_operator": "equal",
                "condition_value": [],
                "condition_attribute2": "",
                "condition_operator2": "equal",
                "condition_value2": null,
                "label_block": false,
                "tabname": "Style",
                "default_value": "",
                "selector": ".blox_btn_group {{CURRENT_ITEM}}",
                "selector_value": "color:{{VALUE}};",
                "show_more_selectors": true,
                "selector2": ".blox_btn_group {{CURRENT_ITEM}} svg",
                "selector2_value": "fill:{{VALUE}};",
                "selector3": "",
                "selector3_value": ""
            },
            {
                "type": "uc_colorpicker",
                "title": "Text Hover Color",
                "name": "txt_hvr_clr",
                "description": "",
                "enable_condition": false,
                "condition_attribute": "",
                "condition_operator": "equal",
                "condition_value": [],
                "condition_attribute2": "",
                "condition_operator2": "equal",
                "condition_value2": null,
                "label_block": false,
                "tabname": "Style",
                "default_value": "",
                "selector": ".blox_btn_group {{CURRENT_ITEM}}:hover",
                "selector_value": "color:{{VALUE}};",
                "show_more_selectors": true,
                "selector2": ".blox_btn_group {{CURRENT_ITEM}}:hover svg",
                "selector2_value": "fill:{{VALUE}};",
                "selector3": "",
                "selector3_value": ""
            },
            {
                "type": "uc_colorpicker",
                "title": "Background Color",
                "name": "bg_color",
                "description": "",
                "enable_condition": false,
                "condition_attribute": null,
                "condition_operator": "equal",
                "condition_value": [],
                "condition_attribute2": null,
                "condition_operator2": "equal",
                "condition_value2": null,
                "label_block": false,
                "tabname": "Style",
                "default_value": "",
                "selector": ".blox_btn_group {{CURRENT_ITEM}}",
                "selector_value": "background-color:{{VALUE}};",
                "show_more_selectors": false,
                "selector2": "",
                "selector2_value": "",
                "selector3": "",
                "selector3_value": ""
            },
            {
                "type": "uc_colorpicker",
                "title": "Background Hover Color",
                "name": "bg_hover_clr",
                "description": "",
                "enable_condition": false,
                "condition_attribute": null,
                "condition_operator": "equal",
                "condition_value": [],
                "condition_attribute2": null,
                "condition_operator2": "equal",
                "condition_value2": null,
                "label_block": false,
                "tabname": "Style",
                "default_value": "",
                "selector": ".blox_btn_group {{CURRENT_ITEM}}:hover",
                "selector_value": "background-color:{{VALUE}};",
                "show_more_selectors": false,
                "selector2": "",
                "selector2_value": "",
                "selector3": "",
                "selector3_value": ""
            },
            {
                "type": "uc_colorpicker",
                "title": "Border Color",
                "name": "border_color",
                "description": "",
                "enable_condition": false,
                "condition_attribute": null,
                "condition_operator": "equal",
                "condition_value": [],
                "condition_attribute2": null,
                "condition_operator2": "equal",
                "condition_value2": null,
                "label_block": false,
                "tabname": "Style",
                "default_value": "",
                "selector": ".blox_btn_group {{CURRENT_ITEM}}",
                "selector_value": "border-color:{{VALUE}};",
                "show_more_selectors": false,
                "selector2": "",
                "selector2_value": "",
                "selector3": "",
                "selector3_value": ""
            },
            {
                "type": "uc_colorpicker",
                "title": "Border Hover Color",
                "name": "brdr_hvr_clr",
                "description": "",
                "enable_condition": false,
                "condition_attribute": null,
                "condition_operator": "equal",
                "condition_value": [],
                "condition_attribute2": null,
                "condition_operator2": "equal",
                "condition_value2": null,
                "label_block": false,
                "tabname": "Style",
                "default_value": "",
                "selector": ".blox_btn_group {{CURRENT_ITEM}}:hover",
                "selector_value": "border-color:{{VALUE}};",
                "show_more_selectors": false,
                "selector2": "",
                "selector2_value": "",
                "selector3": "",
                "selector3_value": ""
            }
        ],
        "includes": {
            "js": [],
            "jslib": [
                "font-awsome"
            ],
            "css": []
        },
        "variables_item": [],
        "variables_main": [],
        "params_cats": [
            {
                "enable_condition": false,
                "condition_attribute": "",
                "condition_operator": "equal",
                "condition_value": [],
                "condition_attribute2": "",
                "condition_operator2": "equal",
                "condition_value2": null,
                "id": "cat_content_jb405q8t",
                "title": "Source",
                "tab": "content"
            },
            {
                "id": "cat_general_general",
                "title": "General",
                "tab": "content"
            },
            {
                "id": "cat_style_d9rzrtn4",
                "title": "Style",
                "tab": "style"
            },
            {
                "enable_condition": false,
                "condition_attribute": "",
                "condition_operator": "equal",
                "condition_value": [],
                "condition_attribute2": "",
                "condition_operator2": "equal",
                "condition_value2": null,
                "id": "cat_style_vxigm9kc",
                "title": "Hover",
                "tab": "style"
            }
        ]
    },
    "templates": [
        "html",
        "html_item",
        "css"
    ]
}