{
    "addontype": "",
    "cattitle": "Button Widgets",
    "name": "ue_scroll_to_top",
    "alias": "",
    "title": "Scroll To Top",
    "description": "Scroll to Top buttons allows visitors to go back to the top of your website with a single click. This improves web navigation and gives your current site design a more professional appearance.",
    "config": {
        "options": {
            "enable_items": "false",
            "items_section_title": "Channels",
            "items_section_heading": "",
            "items_title_field": "",
            "path_assets": "scroll_to_unlimited",
            "js_as_module": false,
            "addon_icon": "eicon-upload-circle-o",
            "dynamic_addon": "false",
            "dynamic_post_enable_customfields": "false",
            "dynamic_post_enable_category": "false",
            "description": "Scroll to Top buttons allows visitors to go back to the top of your website with a single click. This improves web navigation and gives your current site design a more professional appearance.",
            "link_resource": "",
            "link_preview": "unlimited-elements.com\/scroll-to-top-widget-for-elementor",
            "show_small_icon": "true",
            "preview_size_unite_selected_text": "Full Size",
            "preview_size": "full",
            "preview_custom_width": "",
            "preview_bgcol": "#ffffff",
            "special": "",
            "special_data": "",
            "is_free_addon": true,
            "is_new_addon": false,
            "is_last_updated": false,
            "is_trending": false
        },
        "params": [
            {
                "type": "uc_dropdown",
                "title": "Position",
                "name": "position",
                "description": "",
                "enable_condition": false,
                "condition_attribute": "",
                "condition_operator": "equal",
                "condition_value": [],
                "condition_attribute2": "",
                "condition_operator2": "equal",
                "condition_value2": null,
                "label_block": false,
                "tabname": "",
                "options": {
                    "Inline": "relative",
                    "Fixed": "fixed"
                },
                "default_value": "relative",
                "selector": ".ue-scroll-to",
                "selector_value": "position:{{VALUE}};",
                "show_more_selectors": false,
                "selector2": "",
                "selector2_value": "",
                "selector3": "",
                "selector3_value": "",
                "is_responsive": false,
                "default_value_tablet": "",
                "default_value_mobile": "",
                "php_filter_name": "",
                "__attr_catid__": "cat_content_4k3daqkx"
            },
            {
                "type": "uc_dropdown",
                "title": "Show Button After Scrolling Unit",
                "name": "show_button_after_scrolling_unit",
                "description": "",
                "enable_condition": true,
                "condition_attribute": "position",
                "condition_operator": "equal",
                "condition_value": [
                    "fixed"
                ],
                "condition_attribute2": "",
                "condition_operator2": "equal",
                "condition_value2": null,
                "label_block": false,
                "tabname": "",
                "options": {
                    "Pixels": "px",
                    "Percentage": "%"
                },
                "default_value": "px",
                "selector": "",
                "selector_value": "",
                "show_more_selectors": false,
                "selector2": "",
                "selector2_value": "",
                "selector3": "",
                "selector3_value": "",
                "is_responsive": false,
                "default_value_tablet": "",
                "default_value_mobile": "",
                "php_filter_name": "",
                "__attr_catid__": "cat_content_4k3daqkx"
            },
            {
                "type": "uc_number",
                "title": "Show button after scrolling pixels",
                "name": "show_after_scrolling",
                "description": "",
                "enable_condition": true,
                "condition_attribute": "position",
                "condition_operator": "equal",
                "condition_value": [
                    "fixed"
                ],
                "condition_attribute2": "show_button_after_scrolling_unit",
                "condition_operator2": "equal",
                "condition_value2": "px",
                "label_block": false,
                "tabname": "",
                "default_value": "0",
                "unit": "px",
                "unit_custom": "",
                "min_value": "0",
                "max_value": "",
                "step": "",
                "is_responsive": false,
                "default_value_tablet": "",
                "default_value_mobile": "",
                "selector": "",
                "selector_value": "",
                "show_more_selectors": false,
                "selector2": "",
                "selector2_value": "",
                "selector3": "",
                "selector3_value": "",
                "__attr_catid__": "cat_content_4k3daqkx"
            },
            {
                "type": "uc_number",
                "title": "Show button after scrolling percents",
                "name": "show_after_scrolling_percents",
                "description": "",
                "enable_condition": true,
                "condition_attribute": "position",
                "condition_operator": "equal",
                "condition_value": [
                    "fixed"
                ],
                "condition_attribute2": "show_button_after_scrolling_unit",
                "condition_operator2": "equal",
                "condition_value2": "%",
                "label_block": false,
                "tabname": "",
                "default_value": "20",
                "unit": "%",
                "unit_custom": "",
                "min_value": "0",
                "max_value": "",
                "step": "",
                "is_responsive": false,
                "default_value_tablet": "",
                "default_value_mobile": "",
                "selector": "",
                "selector_value": "",
                "show_more_selectors": false,
                "selector2": "",
                "selector2_value": "",
                "selector3": "",
                "selector3_value": "",
                "__attr_catid__": "cat_content_4k3daqkx"
            },
            {
                "type": "uc_dropdown",
                "title": "Alignment",
                "name": "alignment",
                "description": "",
                "enable_condition": true,
                "condition_attribute": "position",
                "condition_operator": "equal",
                "condition_value": [
                    "relative"
                ],
                "condition_attribute2": "",
                "condition_operator2": "equal",
                "condition_value2": null,
                "label_block": false,
                "tabname": "",
                "options": {
                    "Left": "flex-start",
                    "Center": "center",
                    "Right": "flex-end"
                },
                "default_value": "center",
                "selector": ".ue-scroll-to",
                "selector_value": "justify-content: {{VALUE}};",
                "show_more_selectors": false,
                "selector2": "",
                "selector2_value": "",
                "selector3": "",
                "selector3_value": "",
                "is_responsive": true,
                "default_value_tablet": "",
                "default_value_mobile": "",
                "php_filter_name": "",
                "__attr_catid__": "cat_content_4k3daqkx"
            },
            {
                "type": "uc_icon_library",
                "title": "Icon",
                "name": "trigger_icon",
                "description": "",
                "enable_condition": false,
                "condition_attribute": "",
                "condition_operator": "equal",
                "condition_value": [],
                "condition_attribute2": "",
                "condition_operator2": "equal",
                "condition_value2": null,
                "label_block": false,
                "tabname": "",
                "default_value": "fas fa-arrow-up",
                "enable_svg": true,
                "put_svg_as": "svg",
                "__attr_catid__": "cat_general_general"
            },
            {
                "type": "uc_dropdown",
                "title": "Scroll To",
                "name": "scroll_to",
                "description": "",
                "enable_condition": false,
                "condition_attribute": "",
                "condition_operator": "equal",
                "condition_value": [],
                "condition_attribute2": "",
                "condition_operator2": "equal",
                "condition_value2": null,
                "label_block": false,
                "tabname": "",
                "options": {
                    "Top": "top",
                    "To Section": "section"
                },
                "default_value": "top",
                "selector": "",
                "selector_value": "",
                "show_more_selectors": false,
                "selector2": "",
                "selector2_value": "",
                "selector3": "",
                "selector3_value": "",
                "is_responsive": false,
                "default_value_tablet": "",
                "default_value_mobile": "",
                "__attr_catid__": "cat_general_general"
            },
            {
                "type": "uc_textfield",
                "title": "Section ID\/Class",
                "name": "section_id_class",
                "description": "Section ID or Class with pound key eg.\n \"#mySection\" or \".mysection\" <a href=\"#\">see documentation<\/a>",
                "enable_condition": true,
                "condition_attribute": "scroll_to",
                "condition_operator": "equal",
                "condition_value": [
                    "section"
                ],
                "condition_attribute2": "",
                "condition_operator2": "equal",
                "condition_value2": null,
                "label_block": false,
                "tabname": "",
                "default_value": "",
                "font_editable": false,
                "placeholder": "",
                "disable_dynamic": false,
                "__attr_catid__": "cat_general_general"
            },
            {
                "type": "uc_slider",
                "title": "Button Size",
                "name": "button_size_new",
                "description": "",
                "enable_condition": false,
                "condition_attribute": "",
                "condition_operator": "equal",
                "condition_value": [],
                "condition_attribute2": "",
                "condition_operator2": "equal",
                "condition_value2": null,
                "label_block": false,
                "tabname": "",
                "default_value": "50",
                "min": "0",
                "max": "100",
                "step": "1",
                "units": "px",
                "is_responsive": true,
                "default_value_tablet": "",
                "default_value_mobile": "",
                "selector": ".ue-scroll-to-cta",
                "selector_value": "width: {{SIZE}}{{UNIT}}; height: {{SIZE}}{{UNIT}};",
                "show_more_selectors": false,
                "selector2": "",
                "selector2_value": "width: {{SIZE}}{{UNIT}};",
                "selector3": "",
                "selector3_value": "width: {{SIZE}}{{UNIT}};",
                "__attr_catid__": "cat_style_jwrm02xe"
            },
            {
                "type": "uc_slider",
                "title": "Icon Size",
                "name": "icon_size",
                "description": "",
                "enable_condition": false,
                "condition_attribute": "",
                "condition_operator": "equal",
                "condition_value": [],
                "condition_attribute2": "",
                "condition_operator2": "equal",
                "condition_value2": null,
                "label_block": false,
                "tabname": "",
                "default_value": "20",
                "min": "1",
                "max": "100",
                "step": "1",
                "units": "px",
                "is_responsive": true,
                "default_value_tablet": "",
                "default_value_mobile": "",
                "selector": ".ue-scroll-to-cta .ue-scroll-to-icon",
                "selector_value": "font-size: {{SIZE}}{{UNIT}};",
                "show_more_selectors": false,
                "selector2": "",
                "selector2_value": "",
                "selector3": "",
                "selector3_value": "",
                "__attr_catid__": "cat_style_jwrm02xe"
            },
            {
                "type": "uc_colorpicker",
                "title": "Background Color",
                "name": "trigger_background_color",
                "description": "",
                "enable_condition": false,
                "condition_attribute": "",
                "condition_operator": "equal",
                "condition_value": [],
                "condition_attribute2": "",
                "condition_operator2": "equal",
                "condition_value2": null,
                "label_block": false,
                "tabname": "",
                "default_value": "#4e48fb",
                "selector": ".ue-scroll-to-cta",
                "selector_value": "background-color: {{VALUE}};",
                "show_more_selectors": false,
                "selector2": "",
                "selector2_value": "",
                "selector3": "",
                "selector3_value": "",
                "__attr_catid__": "cat_style_qac5tq5j"
            },
            {
                "type": "uc_colorpicker",
                "title": "Icon Color",
                "name": "trigger_icon_color",
                "description": "",
                "enable_condition": false,
                "condition_attribute": "",
                "condition_operator": "equal",
                "condition_value": [],
                "condition_attribute2": "",
                "condition_operator2": "equal",
                "condition_value2": null,
                "label_block": false,
                "tabname": "",
                "default_value": "#ffffff",
                "selector": ".ue-scroll-to-cta",
                "selector_value": "color: {{VALUE}}; fill: {{VALUE}};",
                "show_more_selectors": false,
                "selector2": "",
                "selector2_value": "",
                "selector3": "",
                "selector3_value": "",
                "__attr_catid__": "cat_style_qac5tq5j"
            },
            {
                "type": "uc_colorpicker",
                "title": "Hover Background Color",
                "name": "trigger_hover_background_color",
                "description": "",
                "enable_condition": false,
                "condition_attribute": "",
                "condition_operator": "equal",
                "condition_value": [],
                "condition_attribute2": "",
                "condition_operator2": "equal",
                "condition_value2": null,
                "label_block": false,
                "tabname": "",
                "default_value": "#373737",
                "selector": ".ue-scroll-to-cta:hover",
                "selector_value": "background-color: {{VALUE}};",
                "show_more_selectors": false,
                "selector2": "",
                "selector2_value": "",
                "selector3": "",
                "selector3_value": "",
                "__attr_catid__": "cat_style_qac5tq5j"
            },
            {
                "type": "uc_colorpicker",
                "title": "Hover Icon Color",
                "name": "trigger_hover_icon_color",
                "description": "",
                "enable_condition": false,
                "condition_attribute": "",
                "condition_operator": "equal",
                "condition_value": [],
                "condition_attribute2": "",
                "condition_operator2": "equal",
                "condition_value2": null,
                "label_block": false,
                "tabname": "",
                "default_value": "",
                "selector": ".ue-scroll-to-cta:hover",
                "selector_value": "color: {{VALUE}}; fill: {{VALUE}};",
                "show_more_selectors": false,
                "selector2": "",
                "selector2_value": "",
                "selector3": "",
                "selector3_value": "",
                "__attr_catid__": "cat_style_qac5tq5j"
            },
            {
                "type": "uc_border_dimentions",
                "title": "Border Radius",
                "name": "trigger_border_radius",
                "description": "",
                "enable_condition": false,
                "condition_attribute": "",
                "condition_operator": "equal",
                "condition_value": [],
                "condition_attribute2": "",
                "condition_operator2": "equal",
                "condition_value2": null,
                "label_block": false,
                "tabname": "",
                "is_responsive": true,
                "desktop_top": "50",
                "desktop_right": "50",
                "desktop_bottom": "50",
                "desktop_left": "50",
                "tablet_top": "",
                "tablet_right": "",
                "tablet_bottom": "",
                "tablet_left": "",
                "mobile_top": "",
                "mobile_right": "",
                "mobile_bottom": "",
                "mobile_left": "",
                "selector": ".ue-scroll-to-cta, .ue-scroll-to-icon",
                "__attr_catid__": "cat_style_jwrm02xe"
            },
            {
                "type": "uc_boxshadow",
                "title": "Shadow",
                "name": "trigger_shadow",
                "description": "",
                "enable_condition": false,
                "condition_attribute": "",
                "condition_operator": "equal",
                "condition_value": [],
                "condition_attribute2": "",
                "condition_operator2": "equal",
                "condition_value2": null,
                "label_block": false,
                "tabname": "",
                "selector": ".ue-scroll-to-cta",
                "__attr_catid__": "cat_style_jwrm02xe"
            },
            {
                "type": "uc_boxshadow",
                "title": "Shadow on hover",
                "name": "trigger_shadow_hover",
                "description": "",
                "enable_condition": false,
                "condition_attribute": "",
                "condition_operator": "equal",
                "condition_value": [],
                "condition_attribute2": "",
                "condition_operator2": "equal",
                "condition_value2": null,
                "label_block": false,
                "tabname": "",
                "selector": ".ue-scroll-to-cta:hover",
                "__attr_catid__": "cat_style_jwrm02xe"
            },
            {
                "type": "uc_dropdown",
                "title": "Snap Vertical",
                "name": "snap_vertical",
                "description": "",
                "enable_condition": true,
                "condition_attribute": "position",
                "condition_operator": "equal",
                "condition_value": [
                    "fixed"
                ],
                "condition_attribute2": "",
                "condition_operator2": "equal",
                "condition_value2": null,
                "label_block": false,
                "tabname": "",
                "options": {
                    "Top": "ue-snap-v-top",
                    "Middle": "ue-snap-v-middle",
                    "Bottom": "ue-snap-v-bottom"
                },
                "default_value": "ue-snap-v-bottom",
                "selector": "",
                "selector_value": "",
                "show_more_selectors": false,
                "selector2": "",
                "selector2_value": "",
                "selector3": "",
                "selector3_value": "",
                "is_responsive": false,
                "default_value_tablet": "",
                "default_value_mobile": "",
                "php_filter_name": "",
                "__attr_catid__": "cat_content_4k3daqkx"
            },
            {
                "type": "uc_slider",
                "title": "Vertical Distance",
                "name": "vertical_distance",
                "description": "",
                "enable_condition": true,
                "condition_attribute": "position",
                "condition_operator": "equal",
                "condition_value": [
                    "fixed"
                ],
                "condition_attribute2": "snap_vertical",
                "condition_operator2": "not_equal",
                "condition_value2": "ue-snap-v-middle",
                "label_block": false,
                "tabname": "",
                "default_value": "20",
                "min": "0",
                "max": "100",
                "step": "1",
                "units": "px",
                "is_responsive": true,
                "default_value_tablet": "",
                "default_value_mobile": "",
                "selector": ".ue-snap-v-top",
                "selector_value": "top: {{SIZE}}{{UNIT}}; bottom:auto;",
                "show_more_selectors": true,
                "selector2": ".ue-snap-v-bottom",
                "selector2_value": "bottom: {{SIZE}}{{UNIT}}; top:auto;",
                "selector3": "",
                "selector3_value": "",
                "__attr_catid__": "cat_content_4k3daqkx"
            },
            {
                "type": "uc_dropdown",
                "title": "Snap Horizontal",
                "name": "snap_horizontal",
                "description": "",
                "enable_condition": true,
                "condition_attribute": "position",
                "condition_operator": "equal",
                "condition_value": [
                    "fixed"
                ],
                "condition_attribute2": "",
                "condition_operator2": "equal",
                "condition_value2": null,
                "label_block": false,
                "tabname": "",
                "options": {
                    "Left": "ue-snap-h-left",
                    "Right": "ue-snap-h-right"
                },
                "default_value": "ue-snap-h-right",
                "selector": "",
                "selector_value": "",
                "show_more_selectors": false,
                "selector2": "",
                "selector2_value": "",
                "selector3": "",
                "selector3_value": "",
                "is_responsive": false,
                "default_value_tablet": "",
                "default_value_mobile": "",
                "__attr_catid__": "cat_content_4k3daqkx"
            },
            {
                "type": "uc_slider",
                "title": "Horizontal Distance",
                "name": "horizontal_distance",
                "description": "",
                "enable_condition": true,
                "condition_attribute": "position",
                "condition_operator": "equal",
                "condition_value": [
                    "fixed"
                ],
                "condition_attribute2": "",
                "condition_operator2": "equal",
                "condition_value2": null,
                "label_block": false,
                "tabname": "",
                "default_value": "20",
                "min": "0",
                "max": "100",
                "step": "1",
                "units": "px",
                "is_responsive": true,
                "default_value_tablet": "",
                "default_value_mobile": "",
                "selector": ".ue-snap-h-left",
                "selector_value": "left: {{SIZE}}{{UNIT}}; right:auto;",
                "show_more_selectors": true,
                "selector2": ".ue-snap-h-right",
                "selector2_value": "right: {{SIZE}}{{UNIT}}; left:auto;",
                "selector3": "",
                "selector3_value": "",
                "__attr_catid__": "cat_content_4k3daqkx"
            },
            {
                "type": "uc_border",
                "title": "Border",
                "name": "border",
                "description": "",
                "enable_condition": false,
                "condition_attribute": "",
                "condition_operator": "equal",
                "condition_value": [],
                "condition_attribute2": "",
                "condition_operator2": "equal",
                "condition_value2": null,
                "label_block": false,
                "tabname": "",
                "border_type": "none",
                "border_color": "#000000",
                "width_desktop_top": "",
                "width_desktop_right": "",
                "width_desktop_bottom": "",
                "width_desktop_left": "",
                "width_tablet_top": "",
                "width_tablet_right": "",
                "width_tablet_bottom": "",
                "width_tablet_left": "",
                "width_mobile_top": "",
                "width_mobile_right": "",
                "width_mobile_bottom": "",
                "width_mobile_left": "",
                "selector": ".ue-scroll-to-cta",
                "__attr_catid__": "cat_style_jwrm02xe"
            },
            {
                "type": "uc_number",
                "title": "Scroll Animation Duration",
                "name": "scroll_animation_duration",
                "description": "",
                "enable_condition": false,
                "condition_attribute": "",
                "condition_operator": "equal",
                "condition_value": [],
                "condition_attribute2": "",
                "condition_operator2": "equal",
                "condition_value2": null,
                "label_block": false,
                "tabname": "",
                "default_value": "300",
                "unit": "ms",
                "unit_custom": "",
                "min_value": "0",
                "max_value": "",
                "step": "10",
                "is_responsive": false,
                "default_value_tablet": "",
                "default_value_mobile": "",
                "selector": "",
                "selector_value": "",
                "show_more_selectors": false,
                "selector2": "",
                "selector2_value": "",
                "selector3": "",
                "selector3_value": "",
                "__attr_catid__": "cat_general_general"
            },
            {
                "type": "uc_typography",
                "title": "Typography",
                "name": "typography",
                "description": "",
                "enable_condition": false,
                "condition_attribute": "",
                "condition_operator": "equal",
                "condition_value": [],
                "condition_attribute2": "",
                "condition_operator2": "equal",
                "condition_value2": null,
                "label_block": false,
                "tabname": "",
                "selector1": ".ue-scroll-to-text",
                "selector2": "",
                "selector3": "",
                "__attr_catid__": "cat_style_cmk6cnlw"
            },
            {
                "type": "uc_radioboolean",
                "title": "Show Text",
                "name": "show_text",
                "description": "",
                "enable_condition": false,
                "condition_attribute": "",
                "condition_operator": "equal",
                "condition_value": [],
                "condition_attribute2": "",
                "condition_operator2": "not_equal",
                "condition_value2": null,
                "label_block": false,
                "tabname": "",
                "default_value": "false",
                "true_name": "Yes",
                "true_value": "true",
                "false_name": "No",
                "false_value": "false",
                "is_responsive": false,
                "default_value_tablet": "",
                "default_value_mobile": "",
                "__attr_catid__": "cat_general_general"
            },
            {
                "type": "uc_textfield",
                "title": "Text",
                "name": "text",
                "description": "",
                "enable_condition": true,
                "condition_attribute": "show_text",
                "condition_operator": "equal",
                "condition_value": [
                    "true"
                ],
                "condition_attribute2": "",
                "condition_operator2": "not_equal",
                "condition_value2": null,
                "label_block": false,
                "tabname": "",
                "default_value": "Scroll",
                "font_editable": false,
                "placeholder": "",
                "disable_dynamic": false,
                "__attr_catid__": "cat_general_general"
            },
            {
                "type": "uc_colorpicker",
                "title": "Text Color",
                "name": "text_color",
                "description": "",
                "enable_condition": false,
                "condition_attribute": "",
                "condition_operator": "equal",
                "condition_value": [],
                "condition_attribute2": "",
                "condition_operator2": "equal",
                "condition_value2": null,
                "label_block": false,
                "tabname": "",
                "default_value": "",
                "selector": ".ue-scroll-to-text",
                "selector_value": "color:{{VALUE}};",
                "show_more_selectors": false,
                "selector2": "",
                "selector2_value": "",
                "selector3": "",
                "selector3_value": "",
                "__attr_catid__": "cat_style_cmk6cnlw"
            },
            {
                "type": "uc_colorpicker",
                "title": "Text Color Hover",
                "name": "text_color_hover",
                "description": "",
                "enable_condition": false,
                "condition_attribute": "",
                "condition_operator": "equal",
                "condition_value": [],
                "condition_attribute2": "",
                "condition_operator2": "equal",
                "condition_value2": null,
                "label_block": false,
                "tabname": "",
                "default_value": "",
                "selector": ".ue-scroll-to-cta:hover .ue-scroll-to-text",
                "selector_value": "color:{{VALUE}};",
                "show_more_selectors": false,
                "selector2": "",
                "selector2_value": "",
                "selector3": "",
                "selector3_value": "",
                "__attr_catid__": "cat_style_cmk6cnlw"
            },
            {
                "type": "uc_slider",
                "title": "Text Spacing",
                "name": "text_spacing",
                "description": "",
                "enable_condition": false,
                "condition_attribute": "",
                "condition_operator": "equal",
                "condition_value": [],
                "condition_attribute2": "",
                "condition_operator2": "equal",
                "condition_value2": null,
                "label_block": false,
                "tabname": "",
                "default_value": "0",
                "min": "0",
                "max": "50",
                "step": "1",
                "units": "px",
                "is_responsive": true,
                "default_value_tablet": "",
                "default_value_mobile": "",
                "selector": ".ue-scroll-to-text",
                "selector_value": "margin-top: {{SIZE}}{{UNIT}};",
                "show_more_selectors": false,
                "selector2": "",
                "selector2_value": "width: {{SIZE}}{{UNIT}};",
                "selector3": "",
                "selector3_value": "width: {{SIZE}}{{UNIT}};",
                "__attr_catid__": "cat_style_cmk6cnlw"
            },
            {
                "type": "uc_dropdown",
                "title": "Attention Grabber",
                "name": "attention_grabber",
                "description": "",
                "enable_condition": false,
                "condition_attribute": "",
                "condition_operator": "equal",
                "condition_value": [],
                "condition_attribute2": "",
                "condition_operator2": "equal",
                "condition_value2": null,
                "label_block": false,
                "tabname": "",
                "options": {
                    "None": "none",
                    "Blink": "ue-blink",
                    "Bounce": "ue-bounce",
                    "Fade": "ue-fade",
                    "Shine": "ue-shine",
                    "Spin": "ue-spin",
                    "Pulse": "ue-pulse",
                    "Grow": "ue-grow",
                    "Waggle": "ue-waggle"
                },
                "default_value": "none",
                "selector": "",
                "selector_value": "",
                "show_more_selectors": false,
                "selector2": "",
                "selector2_value": "",
                "selector3": "",
                "selector3_value": "",
                "is_responsive": false,
                "default_value_tablet": "",
                "default_value_mobile": "",
                "php_filter_name": "",
                "__attr_catid__": "cat_general_general"
            },
            {
                "type": "uc_colorpicker",
                "title": "Pulse Color",
                "name": "pulse_color",
                "description": "",
                "enable_condition": true,
                "condition_attribute": "attention_grabber",
                "condition_operator": "equal",
                "condition_value": [
                    "ue-pulse"
                ],
                "condition_attribute2": "",
                "condition_operator2": "equal",
                "condition_value2": null,
                "label_block": false,
                "tabname": "",
                "default_value": "rgba(0, 0, 0, 0.40)",
                "selector": "",
                "selector_value": "",
                "show_more_selectors": false,
                "selector2": "",
                "selector2_value": "",
                "selector3": "",
                "selector3_value": "",
                "__attr_catid__": "cat_general_general"
            }
        ],
        "params_items": [
            {
                "type": "uc_textfield",
                "title": "Title",
                "name": "title",
                "description": "",
                "default_value": "",
                "limited_edit": true
            }
        ],
        "includes": {
            "js": [],
            "jslib": [
                "jquery"
            ],
            "css": []
        },
        "variables_item": [],
        "variables_main": [],
        "params_cats": [
            {
                "id": "cat_general_general",
                "title": "General",
                "tab": "content"
            },
            {
                "enable_condition": false,
                "condition_attribute": "",
                "condition_operator": "equal",
                "condition_value": [],
                "condition_attribute2": "",
                "condition_operator2": "equal",
                "condition_value2": null,
                "id": "cat_content_4k3daqkx",
                "title": "Positioning",
                "tab": "content"
            },
            {
                "enable_condition": false,
                "condition_attribute": "",
                "condition_operator": "equal",
                "condition_value": [],
                "condition_attribute2": "",
                "condition_operator2": "equal",
                "condition_value2": null,
                "id": "cat_style_jwrm02xe",
                "title": "Icons",
                "tab": "style"
            },
            {
                "enable_condition": false,
                "condition_attribute": "",
                "condition_operator": "equal",
                "condition_value": [],
                "condition_attribute2": "",
                "condition_operator2": "equal",
                "condition_value2": null,
                "id": "cat_style_qac5tq5j",
                "title": "Button",
                "tab": "style"
            },
            {
                "enable_condition": true,
                "condition_attribute": "show_text",
                "condition_operator": "equal",
                "condition_value": [
                    "true"
                ],
                "condition_attribute2": "",
                "condition_operator2": "equal",
                "condition_value2": null,
                "id": "cat_style_cmk6cnlw",
                "title": "Typography",
                "tab": "style"
            }
        ]
    },
    "templates": [
        "html",
        "css",
        "css_item",
        "js"
    ]
}