{
    "addontype": "",
    "cattitle": "Button Widgets",
    "name": "multi_line_button",
    "alias": "",
    "title": "Multi Line Button",
    "description": "A button with more than one line of text and an optional icon.",
    "config": {
        "options": {
            "enable_items": "false",
            "items_section_title": "",
            "items_section_heading": "",
            "path_assets": "uc_multi_line_buttons",
            "js_as_module": false,
            "addon_icon": "far fa-hand-pointer",
            "dynamic_addon": "false",
            "dynamic_post_enable_customfields": "false",
            "dynamic_post_enable_category": "false",
            "description": "A button with more than one line of text and an optional icon.",
            "link_resource": "https:\/\/youtu.be\/UznhwnSojIs",
            "link_preview": "https:\/\/unlimited-elements.com\/multi-line-button-widget-for-elementor\/",
            "show_small_icon": "true",
            "preview_size_unite_selected_text": "Full Size",
            "preview_size": "full",
            "preview_custom_width": "",
            "preview_bgcol": "#ffffff",
            "special": "",
            "is_free_addon": true,
            "is_new_addon": false,
            "is_last_updated": false,
            "is_trending": false
        },
        "params": [
            {
                "type": "uc_textfield",
                "title": "Title Text",
                "name": "big_text",
                "description": "",
                "default_value": "Start Free Trial",
                "font_editable": false,
                "__attr_catid__": "cat_general_general"
            },
            {
                "type": "uc_textfield",
                "title": "Subtitle text",
                "name": "small_text",
                "description": "",
                "default_value": "30-days free!",
                "font_editable": false,
                "__attr_catid__": "cat_general_general"
            },
            {
                "type": "uc_link",
                "title": "Link",
                "name": "link",
                "description": "",
                "default_value": "#",
                "__attr_catid__": "cat_general_general"
            },
            {
                "type": "uc_dropdown",
                "title": "Align Button",
                "name": "align",
                "description": "",
                "options": {
                    "Center": "center",
                    "Left": "left",
                    "Right": "right"
                },
                "default_value": "center",
                "__attr_catid__": "cat_style_w2c3wdjh"
            },
            {
                "type": "uc_dropdown",
                "title": "Align Inside Button",
                "name": "align_inside_button",
                "description": "",
                "options": {
                    "Center": "center",
                    "Left": "left",
                    "Right": "right"
                },
                "default_value": "center",
                "__attr_catid__": "cat_style_w2c3wdjh"
            },
            {
                "type": "uc_slider",
                "title": "Border Radius",
                "name": "border_radius",
                "description": "",
                "enable_condition": false,
                "condition_attribute": "",
                "condition_operator": "equal",
                "condition_value": [],
                "condition_attribute2": "",
                "condition_operator2": "equal",
                "condition_value2": null,
                "label_block": false,
                "tabname": "",
                "default_value": "6",
                "min": "0",
                "max": "100",
                "step": "1",
                "units": "px",
                "is_responsive": true,
                "default_value_tablet": "",
                "default_value_mobile": "",
                "selector": ".uc_multi-line-button",
                "selector_value": "border-radius: {{SIZE}}{{UNIT}};",
                "show_more_selectors": false,
                "selector2": "",
                "selector2_value": "width: {{SIZE}}{{UNIT}};",
                "selector3": "",
                "selector3_value": "width: {{SIZE}}{{UNIT}};",
                "__attr_catid__": "cat_style_w2c3wdjh"
            },
            {
                "type": "uc_padding",
                "title": "Padding",
                "name": "padding",
                "description": "",
                "enable_condition": false,
                "condition_attribute": "",
                "condition_operator": "equal",
                "condition_value": [],
                "condition_attribute2": "",
                "condition_operator2": "equal",
                "condition_value2": null,
                "label_block": false,
                "tabname": "",
                "is_responsive": true,
                "desktop_top": "14",
                "desktop_right": "40",
                "desktop_bottom": "14",
                "desktop_left": "40",
                "tablet_top": "",
                "tablet_right": "",
                "tablet_bottom": "",
                "tablet_left": "",
                "mobile_top": "",
                "mobile_right": "",
                "mobile_bottom": "",
                "mobile_left": "",
                "selector": ".uc_multi-line-button",
                "__attr_catid__": "cat_style_w2c3wdjh"
            },
            {
                "type": "uc_background",
                "title": "Background",
                "name": "background",
                "description": "",
                "enable_condition": false,
                "condition_attribute": "",
                "condition_operator": "equal",
                "condition_value": [],
                "condition_attribute2": "",
                "condition_operator2": "equal",
                "condition_value2": null,
                "label_block": false,
                "tabname": "",
                "background_type": "solid",
                "solid_color": "#000000",
                "solid_bg_image": "",
                "solid_bg_image_position": "",
                "solid_bg_image_repeat": "",
                "solid_bg_image_size": "",
                "gradient_color1": "",
                "gradient_color2": "",
                "selector": ".uc_multi-line-button",
                "__attr_catid__": "cat_style_f1vzl9j2"
            },
            {
                "type": "uc_background",
                "title": "Background Hover",
                "name": "background_hover",
                "description": "",
                "enable_condition": false,
                "condition_attribute": "",
                "condition_operator": "equal",
                "condition_value": [],
                "condition_attribute2": "",
                "condition_operator2": "equal",
                "condition_value2": null,
                "label_block": false,
                "tabname": "",
                "background_type": "none",
                "solid_color": "",
                "solid_bg_image": "",
                "solid_bg_image_position": "",
                "solid_bg_image_repeat": "",
                "solid_bg_image_size": "",
                "gradient_color1": "",
                "gradient_color2": "",
                "selector": ".uc_multi-line-button:hover",
                "__attr_catid__": "cat_style_f1vzl9j2"
            },
            {
                "type": "uc_slider",
                "title": "Space Between",
                "name": "space_between",
                "description": "",
                "default_value": "0",
                "min": "0",
                "max": "100",
                "step": "1",
                "units": "px",
                "is_responsive": true,
                "default_value_tablet": "",
                "default_value_mobile": "",
                "selector": ".uc_space_between",
                "selector_value": "height:{{SIZE}}{{UNIT}};",
                "__attr_catid__": "cat_style_w2c3wdjh"
            },
            {
                "type": "uc_typography",
                "title": "Title Typography",
                "name": "title_typography",
                "description": "",
                "selector1": ".uc_title",
                "selector2": "",
                "selector3": "",
                "__attr_catid__": "cat_style_mdp4lk29"
            },
            {
                "type": "uc_colorpicker",
                "title": "Title Color",
                "name": "title_color",
                "description": "",
                "enable_condition": false,
                "condition_attribute": "",
                "condition_operator": "equal",
                "condition_value": [],
                "condition_attribute2": "",
                "condition_operator2": "equal",
                "condition_value2": null,
                "label_block": false,
                "tabname": "",
                "default_value": "#ffffff",
                "selector": ".uc_title",
                "selector_value": "color:{{value}};",
                "show_more_selectors": false,
                "selector2": "",
                "selector2_value": "",
                "selector3": "",
                "selector3_value": "",
                "__attr_catid__": "cat_style_mdp4lk29"
            },
            {
                "type": "uc_colorpicker",
                "title": "Title Color Hover",
                "name": "title_color_hover",
                "description": "",
                "enable_condition": false,
                "condition_attribute": "",
                "condition_operator": "equal",
                "condition_value": [],
                "condition_attribute2": "",
                "condition_operator2": "equal",
                "condition_value2": null,
                "label_block": false,
                "tabname": "",
                "default_value": "",
                "selector": ".uc_multi-line-button:hover .uc_title",
                "selector_value": "color:{{value}};",
                "show_more_selectors": false,
                "selector2": "",
                "selector2_value": "",
                "selector3": "",
                "selector3_value": "",
                "__attr_catid__": "cat_style_mdp4lk29"
            },
            {
                "type": "uc_textshadow",
                "title": "Title Shadow",
                "name": "title_shadow",
                "description": "",
                "enable_condition": false,
                "condition_attribute": "",
                "condition_operator": "equal",
                "condition_value": [],
                "condition_attribute2": "",
                "condition_operator2": "equal",
                "condition_value2": null,
                "label_block": false,
                "tabname": "",
                "selector": ".uc_title",
                "__attr_catid__": "cat_style_mdp4lk29"
            },
            {
                "type": "uc_hr",
                "title": "hr",
                "name": "hr",
                "description": "",
                "enable_condition": false,
                "condition_attribute": "",
                "condition_operator": "equal",
                "condition_value": [],
                "condition_attribute2": "",
                "condition_operator2": "equal",
                "condition_value2": null,
                "label_block": false,
                "tabname": "",
                "__attr_catid__": "cat_style_mdp4lk29"
            },
            {
                "type": "uc_typography",
                "title": "Subtitle Typography",
                "name": "subtitle_typography",
                "description": "",
                "selector1": ".uc_subtitle",
                "selector2": "",
                "selector3": "",
                "__attr_catid__": "cat_style_mdp4lk29"
            },
            {
                "type": "uc_colorpicker",
                "title": "Subtitle Color",
                "name": "subtitle_color",
                "description": "",
                "enable_condition": false,
                "condition_attribute": "",
                "condition_operator": "equal",
                "condition_value": [],
                "condition_attribute2": "",
                "condition_operator2": "equal",
                "condition_value2": null,
                "label_block": false,
                "tabname": "",
                "default_value": "#ffffff",
                "selector": ".uc_subtitle",
                "selector_value": "color:{{value}};",
                "show_more_selectors": false,
                "selector2": "",
                "selector2_value": "",
                "selector3": "",
                "selector3_value": "",
                "__attr_catid__": "cat_style_mdp4lk29"
            },
            {
                "type": "uc_colorpicker",
                "title": "Subtitle Color Hover",
                "name": "subtitle_color_hover",
                "description": "",
                "enable_condition": false,
                "condition_attribute": "",
                "condition_operator": "equal",
                "condition_value": [],
                "condition_attribute2": "",
                "condition_operator2": "equal",
                "condition_value2": null,
                "label_block": false,
                "tabname": "",
                "default_value": "",
                "selector": ".uc_multi-line-button:hover .uc_subtitle",
                "selector_value": "color:{{value}};",
                "show_more_selectors": false,
                "selector2": "",
                "selector2_value": "",
                "selector3": "",
                "selector3_value": "",
                "__attr_catid__": "cat_style_mdp4lk29"
            },
            {
                "type": "uc_textshadow",
                "title": "Subtitle Shadow",
                "name": "subtitle_shadow",
                "description": "",
                "enable_condition": false,
                "condition_attribute": "",
                "condition_operator": "equal",
                "condition_value": [],
                "condition_attribute2": "",
                "condition_operator2": "equal",
                "condition_value2": null,
                "label_block": false,
                "tabname": "",
                "selector": ".uc_subtitle",
                "__attr_catid__": "cat_style_mdp4lk29"
            },
            {
                "type": "uc_radioboolean",
                "title": "Show Icon",
                "name": "show_icon",
                "description": "",
                "default_value": "false",
                "true_name": "Yes",
                "true_value": "true",
                "false_name": "No",
                "false_value": "false",
                "__attr_catid__": "cat_general_general"
            },
            {
                "type": "uc_icon_library",
                "title": "Icon",
                "name": "icon",
                "description": "",
                "enable_condition": false,
                "condition_attribute": "",
                "condition_operator": "equal",
                "condition_value": [],
                "condition_attribute2": "",
                "condition_operator2": "equal",
                "condition_value2": null,
                "label_block": false,
                "tabname": "",
                "default_value": "fas fa-heart",
                "enable_svg": true,
                "put_svg_as": "svg",
                "__attr_catid__": "cat_general_general"
            },
            {
                "type": "uc_slider",
                "title": "Icon Size",
                "name": "icon_size",
                "description": "",
                "enable_condition": false,
                "condition_attribute": "",
                "condition_operator": "equal",
                "condition_value": [],
                "condition_attribute2": "",
                "condition_operator2": "equal",
                "condition_value2": null,
                "label_block": false,
                "tabname": "",
                "default_value": "20",
                "min": "10",
                "max": "100",
                "step": "1",
                "units": "px",
                "is_responsive": true,
                "default_value_tablet": "",
                "default_value_mobile": "",
                "selector": ".uc_icon",
                "selector_value": "font-size: {{SIZE}}{{UNIT}};",
                "show_more_selectors": false,
                "selector2": "",
                "selector2_value": "width: {{SIZE}}{{UNIT}};",
                "selector3": "",
                "selector3_value": "width: {{SIZE}}{{UNIT}};",
                "__attr_catid__": "cat_style_7o3rt32r"
            },
            {
                "type": "uc_colorpicker",
                "title": "Icon Color",
                "name": "icon_color",
                "description": "",
                "enable_condition": false,
                "condition_attribute": "",
                "condition_operator": "equal",
                "condition_value": [],
                "condition_attribute2": "",
                "condition_operator2": "equal",
                "condition_value2": null,
                "label_block": false,
                "tabname": "",
                "default_value": "#ffffff",
                "selector": ".uc_icon",
                "selector_value": "color:{{VALUE}};",
                "show_more_selectors": true,
                "selector2": ".uc_icon svg",
                "selector2_value": "fill:{{VALUE}};",
                "selector3": "",
                "selector3_value": "",
                "__attr_catid__": "cat_style_7o3rt32r"
            },
            {
                "type": "uc_colorpicker",
                "title": "Icon Color Hover",
                "name": "icon_color_hover",
                "description": "",
                "enable_condition": false,
                "condition_attribute": "",
                "condition_operator": "equal",
                "condition_value": [],
                "condition_attribute2": "",
                "condition_operator2": "equal",
                "condition_value2": null,
                "label_block": false,
                "tabname": "",
                "default_value": "#ffffff",
                "selector": ".uc_multi-line-button:hover .uc_icon ",
                "selector_value": "color:{{VALUE}};",
                "show_more_selectors": true,
                "selector2": ".uc_multi-line-button:hover .uc_icon svg",
                "selector2_value": "fill:{{VALUE}};",
                "selector3": "",
                "selector3_value": "",
                "__attr_catid__": "cat_style_7o3rt32r"
            },
            {
                "type": "uc_slider",
                "title": "Icon Space",
                "name": "icon_space",
                "description": "",
                "default_value": "20",
                "min": "0",
                "max": "100",
                "step": "1",
                "units": "px",
                "is_responsive": true,
                "default_value_tablet": "",
                "default_value_mobile": "",
                "selector": ".uc_space",
                "selector_value": "width: {{SIZE}}{{UNIT}};",
                "__attr_catid__": "cat_style_7o3rt32r"
            },
            {
                "type": "uc_dropdown",
                "title": "Button Width",
                "name": "button_width",
                "description": "",
                "options": {
                    "Auto Width": "inline-block",
                    "Full Width": "block"
                },
                "default_value": "inline-block",
                "__attr_catid__": "cat_style_w2c3wdjh"
            },
            {
                "type": "uc_textfield",
                "title": "Button ID",
                "name": "button_id",
                "description": "",
                "enable_condition": false,
                "condition_attribute": "",
                "condition_operator": "equal",
                "condition_value": [],
                "condition_attribute2": "",
                "condition_operator2": "equal",
                "condition_value2": null,
                "label_block": false,
                "tabname": "",
                "default_value": "",
                "font_editable": false,
                "placeholder": "",
                "disable_dynamic": false,
                "__attr_catid__": "cat_general_general"
            },
            {
                "type": "uc_border",
                "title": "Border",
                "name": "border",
                "description": "",
                "enable_condition": false,
                "condition_attribute": "",
                "condition_operator": "equal",
                "condition_value": [],
                "condition_attribute2": "",
                "condition_operator2": "equal",
                "condition_value2": null,
                "label_block": false,
                "tabname": "",
                "border_type": "none",
                "border_color": "",
                "width_desktop_top": "",
                "width_desktop_right": "",
                "width_desktop_bottom": "",
                "width_desktop_left": "",
                "width_tablet_top": "",
                "width_tablet_right": "",
                "width_tablet_bottom": "",
                "width_tablet_left": "",
                "width_mobile_top": "",
                "width_mobile_right": "",
                "width_mobile_bottom": "",
                "width_mobile_left": "",
                "selector": ".uc_multi-line-button",
                "__attr_catid__": "cat_style_w2c3wdjh"
            },
            {
                "type": "uc_boxshadow",
                "title": "Box Shadow",
                "name": "box_shadow",
                "description": "",
                "enable_condition": false,
                "condition_attribute": "",
                "condition_operator": "equal",
                "condition_value": [],
                "condition_attribute2": "",
                "condition_operator2": "equal",
                "condition_value2": null,
                "label_block": false,
                "tabname": "",
                "selector": ".uc_multi-line-button",
                "__attr_catid__": "cat_style_w2c3wdjh"
            },
            {
                "type": "uc_dropdown",
                "title": "Vertical Alignment",
                "name": "vertical_alignment",
                "description": "",
                "enable_condition": false,
                "condition_attribute": "",
                "condition_operator": "equal",
                "condition_value": [],
                "condition_attribute2": "",
                "condition_operator2": "equal",
                "condition_value2": null,
                "label_block": false,
                "tabname": "",
                "options": {
                    "Start": "flex-start",
                    "Center": "center",
                    "End": "flex-end"
                },
                "default_value": "center",
                "selector": ".uc_flex",
                "selector_value": "align-items:{{VALUE}};",
                "show_more_selectors": false,
                "selector2": "",
                "selector2_value": "",
                "selector3": "",
                "selector3_value": "",
                "is_responsive": true,
                "default_value_tablet": "",
                "default_value_mobile": "",
                "php_filter_name": "",
                "__attr_catid__": "cat_style_w2c3wdjh"
            },
            {
                "type": "uc_padding",
                "title": "Icon Padding",
                "name": "icon_padding",
                "description": "",
                "enable_condition": false,
                "condition_attribute": "",
                "condition_operator": "equal",
                "condition_value": [],
                "condition_attribute2": "",
                "condition_operator2": "equal",
                "condition_value2": null,
                "label_block": false,
                "tabname": "",
                "is_responsive": true,
                "desktop_top": "",
                "desktop_right": "",
                "desktop_bottom": "",
                "desktop_left": "",
                "tablet_top": "",
                "tablet_right": "",
                "tablet_bottom": "",
                "tablet_left": "",
                "mobile_top": "",
                "mobile_right": "",
                "mobile_bottom": "",
                "mobile_left": "",
                "selector": ".uc_icon",
                "__attr_catid__": "cat_style_7o3rt32r"
            },
            {
                "type": "uc_hover_animations",
                "title": "Hover Effect",
                "name": "hover_effect",
                "description": "",
                "enable_condition": false,
                "condition_attribute": "",
                "condition_operator": "equal",
                "condition_value": [],
                "condition_attribute2": "",
                "condition_operator2": "equal",
                "condition_value2": null,
                "label_block": false,
                "tabname": "",
                "default_value": "",
                "__attr_catid__": "cat_general_general"
            }
        ],
        "params_items": [
            {
                "type": "uc_textfield",
                "title": "Title",
                "name": "title",
                "description": "",
                "default_value": "",
                "limited_edit": "true"
            }
        ],
        "includes": {
            "js": [],
            "jslib": [
                "font-awsome"
            ],
            "css": []
        },
        "variables_item": [],
        "variables_main": [],
        "params_cats": [
            {
                "id": "cat_general_general",
                "title": "General",
                "tab": "content"
            },
            {
                "id": "cat_style_w2c3wdjh",
                "title": "General",
                "tab": "style"
            },
            {
                "enable_condition": false,
                "condition_attribute": "",
                "condition_operator": "equal",
                "condition_value": [],
                "condition_attribute2": "",
                "condition_operator2": "equal",
                "condition_value2": null,
                "id": "cat_style_f1vzl9j2",
                "title": "Background",
                "tab": "style"
            },
            {
                "id": "cat_style_mdp4lk29",
                "title": "Typography",
                "tab": "style"
            },
            {
                "id": "cat_style_7o3rt32r",
                "title": "Icon",
                "tab": "style"
            }
        ]
    },
    "templates": [
        "html",
        "css"
    ]
}