{
    "addontype": "",
    "cattitle": "Post Widgets",
    "name": "post_news_tickers",
    "alias": "",
    "title": "Post Ticker",
    "description": "Display a horizontal post news ticker on your website using WordPress posts, pages, products, or any other custom post type with the help of the Post News Ticker. The Post Ticker is a widget that can show the chosen posts one at a time in the order and amount you've specified in the post query settings. This widget is greater for showcasing your news items as a post ticker on your Elementor website. Showcase the latest breaking news headlines on your website in an interactive ticker layout with the post ticker widget.",
    "config": {
        "options": {
            "items_section_title": "",
            "items_section_heading": "",
            "items_title_field": "",
            "path_assets": "News Tickers",
            "js_as_module": false,
            "addon_icon": "fas fa-minus",
            "dynamic_addon": "false",
            "dynamic_post_enable_customfields": "false",
            "dynamic_post_enable_category": "false",
            "description": "Display a horizontal post news ticker on your website using WordPress posts, pages, products, or any other custom post type with the help of the Post News Ticker. The Post Ticker is a widget that can show the chosen posts one at a time in the order and amount you've specified in the post query settings. This widget is greater for showcasing your news items as a post ticker on your Elementor website. Showcase the latest breaking news headlines on your website in an interactive ticker layout with the post ticker widget.",
            "link_resource": "https:\/\/unlimited-elements.com\/docs\/post-ticker\/",
            "link_preview": "https:\/\/unlimited-elements.com\/post-news-ticker-widget-for-elementor",
            "show_small_icon": "true",
            "preview_size_unite_selected_text": "Full Size",
            "preview_size": "full",
            "preview_custom_width": "",
            "preview_bgcol": "#ffffff",
            "special": "",
            "special_data": "",
            "is_free_addon": true,
            "is_new_addon": false,
            "is_last_updated": false,
            "is_trending": false
        },
        "params": [
            {
                "type": "uc_posts_list",
                "title": "Post",
                "name": "post_list",
                "description": "",
                "enable_condition": false,
                "condition_attribute": "",
                "condition_operator": "equal",
                "condition_value": [],
                "condition_attribute2": "",
                "condition_operator2": "equal",
                "condition_value2": null,
                "label_block": false,
                "tabname": "",
                "use_custom_fields": false,
                "use_category": false,
                "default_max_posts": "",
                "for_woocommerce_products": false,
                "show_image_sizes": false,
                "enable_ajax": true,
                "font_editable": false,
                "__attr_catid__": "cat_general_general"
            },
            {
                "type": "uc_dropdown",
                "title": "Label Style",
                "name": "label_style",
                "description": "",
                "admin_label": "false",
                "options": {
                    "Arrow": "arrow",
                    "Straight": "straight",
                    "Diagonal": "diagonal",
                    "Point": "point"
                },
                "default_value": "arrow",
                "__attr_catid__": "cat_style_hdy7oh7l"
            },
            {
                "type": "uc_dropdown",
                "title": "Direction",
                "name": "direction",
                "description": "",
                "admin_label": "false",
                "options": {
                    "ltr": "ltr",
                    "rtl": "rtl"
                },
                "default_value": "ltr",
                "__attr_catid__": "cat_general_general"
            },
            {
                "type": "uc_textfield",
                "title": "Label Text",
                "name": "label_text",
                "description": "",
                "admin_label": "false",
                "default_value": "Label Here",
                "font_editable": "true",
                "__attr_catid__": "cat_general_general"
            },
            {
                "type": "uc_radioboolean",
                "title": "Show title",
                "name": "show_title",
                "description": "",
                "admin_label": "false",
                "default_value": "true",
                "true_name": "Yes",
                "true_value": "true",
                "false_name": "No",
                "false_value": "false",
                "__attr_catid__": "cat_content_fzukkjm1"
            },
            {
                "type": "uc_radioboolean",
                "title": "Show intro",
                "name": "show_intro",
                "description": "",
                "admin_label": "false",
                "default_value": "true",
                "true_name": "Yes",
                "true_value": "true",
                "false_name": "No",
                "false_value": "false",
                "__attr_catid__": "cat_content_fzukkjm1"
            },
            {
                "type": "uc_radioboolean",
                "title": "Show date",
                "name": "show_date",
                "description": "",
                "admin_label": "false",
                "default_value": "true",
                "true_name": "Yes",
                "true_value": "true",
                "false_name": "No",
                "false_value": "false",
                "__attr_catid__": "cat_content_fzukkjm1"
            },
            {
                "type": "uc_colorpicker",
                "title": "Label Background  Color",
                "name": "label_bg",
                "description": "",
                "default_value": "#999999",
                "__attr_catid__": "cat_style_hdy7oh7l"
            },
            {
                "type": "uc_slider",
                "title": "Border Radius",
                "name": "border_radius",
                "description": "",
                "default_value": "0",
                "min": "0",
                "max": "100",
                "step": "1",
                "units": "px",
                "is_responsive": false,
                "default_value_tablet": "",
                "default_value_mobile": "",
                "selector": ".flex-container",
                "selector_value": "border-radius: {{SIZE}}{{UNIT}};",
                "__attr_catid__": "cat_style_lnu5qwa4"
            },
            {
                "type": "uc_radioboolean",
                "title": "Show Time Ago",
                "name": "show_time_ago",
                "description": "",
                "enable_condition": false,
                "condition_attribute": "",
                "condition_operator": "equal",
                "condition_value": [],
                "condition_attribute2": "",
                "condition_operator2": "equal",
                "condition_value2": null,
                "label_block": false,
                "tabname": "",
                "default_value": "false",
                "true_name": "Yes",
                "true_value": "true",
                "false_name": "No",
                "false_value": "false",
                "is_responsive": false,
                "default_value_tablet": "",
                "default_value_mobile": "",
                "__attr_catid__": "cat_content_fzukkjm1"
            },
            {
                "type": "uc_textfield",
                "title": "Text Before Time Ago",
                "name": "text_before_time_ago",
                "description": "",
                "enable_condition": true,
                "condition_attribute": "show_time_ago",
                "condition_operator": "equal",
                "condition_value": [
                    "true"
                ],
                "condition_attribute2": "",
                "condition_operator2": "equal",
                "condition_value2": null,
                "label_block": false,
                "tabname": "",
                "default_value": "",
                "font_editable": false,
                "placeholder": "",
                "disable_dynamic": false,
                "__attr_catid__": "cat_content_fzukkjm1"
            },
            {
                "type": "uc_colorpicker",
                "title": "Arrow Background",
                "name": "arrow_background",
                "description": "",
                "default_value": "#555555",
                "__attr_catid__": "cat_style_3rdogbe0"
            },
            {
                "type": "uc_colorpicker",
                "title": "Arrow Background Hover",
                "name": "arrow_background_hover",
                "description": "",
                "default_value": "#eeeeee",
                "__attr_catid__": "cat_style_3rdogbe0"
            },
            {
                "type": "uc_colorpicker",
                "title": "Arrow Color",
                "name": "arrow_color",
                "description": "",
                "admin_label": "false",
                "default_value": "#ffffff",
                "__attr_catid__": "cat_style_3rdogbe0"
            },
            {
                "type": "uc_colorpicker",
                "title": "Arrow Color Hover",
                "name": "arrow_color_hover",
                "description": "",
                "admin_label": "false",
                "default_value": "#000000",
                "__attr_catid__": "cat_style_3rdogbe0"
            },
            {
                "type": "uc_number",
                "title": "Arrow Padding",
                "name": "arrow_padding",
                "description": "",
                "admin_label": "false",
                "default_value": "20",
                "unit": "px",
                "unit_custom": "",
                "__attr_catid__": "cat_style_3rdogbe0"
            },
            {
                "type": "uc_number",
                "title": "Speed",
                "name": "speed",
                "description": "",
                "admin_label": "false",
                "default_value": "500",
                "unit": "",
                "unit_custom": "",
                "__attr_catid__": "cat_content_8kczhoxh"
            },
            {
                "type": "uc_radioboolean",
                "title": "Auto",
                "name": "auto",
                "description": "",
                "admin_label": "false",
                "default_value": "true",
                "true_name": "Yes",
                "true_value": "true",
                "false_name": "No",
                "false_value": "false",
                "__attr_catid__": "cat_content_8kczhoxh"
            },
            {
                "type": "uc_dropdown",
                "title": "Mode",
                "name": "mode",
                "description": "",
                "admin_label": "false",
                "options": {
                    "Vertical": "vertical",
                    "Horizontal": "horizontal",
                    "Fade": "fade"
                },
                "default_value": "vertical",
                "__attr_catid__": "cat_content_8kczhoxh"
            },
            {
                "type": "uc_number",
                "title": "Pause",
                "name": "pause",
                "description": "",
                "default_value": "4000",
                "unit": "",
                "unit_custom": "",
                "__attr_catid__": "cat_content_8kczhoxh"
            },
            {
                "type": "uc_number",
                "title": "Intro Number of Characters",
                "name": "intro_number_of_characters",
                "description": "",
                "default_value": "100",
                "unit": "",
                "unit_custom": "",
                "min_value": "0",
                "max_value": "1000",
                "step": "",
                "is_responsive": "false",
                "default_value_tablet": "",
                "default_value_mobile": "",
                "selector": "",
                "selector_value": "",
                "__attr_catid__": "cat_general_general"
            },
            {
                "type": "uc_border",
                "title": "Border",
                "name": "border",
                "description": "",
                "border_type": "none",
                "border_color": "",
                "width_desktop_top": "",
                "width_desktop_right": "",
                "width_desktop_bottom": "",
                "width_desktop_left": "",
                "width_tablet_top": "",
                "width_tablet_right": "",
                "width_tablet_bottom": "",
                "width_tablet_left": "",
                "width_mobile_top": "",
                "width_mobile_right": "",
                "width_mobile_bottom": "",
                "width_mobile_left": "",
                "selector": ".flex-container",
                "__attr_catid__": "cat_style_lnu5qwa4"
            },
            {
                "type": "uc_background",
                "title": "Background",
                "name": "background",
                "description": "",
                "background_type": "solid",
                "solid_color": "#000000",
                "solid_bg_image": "",
                "solid_bg_image_position": "",
                "solid_bg_image_repeat": "",
                "solid_bg_image_size": "",
                "gradient_color1": "",
                "gradient_color2": "",
                "selector": ".uc_ticker-content",
                "__attr_catid__": "cat_style_g7wnh18c"
            },
            {
                "type": "uc_colorpicker",
                "title": "Title Color",
                "name": "title_color",
                "description": "",
                "default_value": "#ffffff",
                "selector": ".ue_post_title",
                "selector_value": "color:{{VALUE}};",
                "__attr_catid__": "cat_style_fvorwuuk"
            },
            {
                "type": "uc_typography",
                "title": "Title Typography",
                "name": "title_typography",
                "description": "",
                "selector1": ".ue_post_title",
                "selector2": "",
                "selector3": "",
                "__attr_catid__": "cat_style_fvorwuuk"
            },
            {
                "type": "uc_colorpicker",
                "title": "Text Color",
                "name": "text_color",
                "description": "",
                "default_value": "#bababa",
                "selector": ".uc_sub-title",
                "selector_value": "color:{{VALUE}};",
                "__attr_catid__": "cat_style_gr8rflow"
            },
            {
                "type": "uc_typography",
                "title": "Text Typography",
                "name": "text_typography",
                "description": "",
                "selector1": ".uc_sub-title",
                "selector2": "",
                "selector3": "",
                "__attr_catid__": "cat_style_gr8rflow"
            },
            {
                "type": "uc_colorpicker",
                "title": "Date Color",
                "name": "date_color",
                "description": "",
                "enable_condition": false,
                "condition_attribute": "",
                "condition_operator": "equal",
                "condition_value": [],
                "condition_attribute2": "",
                "condition_operator2": "equal",
                "condition_value2": null,
                "label_block": false,
                "tabname": "",
                "default_value": "#939393",
                "selector": ".uc_date",
                "selector_value": "color:{{VALUE}};",
                "show_more_selectors": true,
                "selector2": ".ue-grid-item-meta-data",
                "selector2_value": "color:{{VALUE}};",
                "selector3": ".ue-grid-item-meta-data svg",
                "selector3_value": "fill:{{VALUE}};",
                "__attr_catid__": "cat_style_c908c0tm"
            },
            {
                "type": "uc_typography",
                "title": "Date Typography",
                "name": "date_typography",
                "description": "",
                "enable_condition": false,
                "condition_attribute": "",
                "condition_operator": "equal",
                "condition_value": [],
                "condition_attribute2": "",
                "condition_operator2": "equal",
                "condition_value2": null,
                "label_block": false,
                "tabname": "",
                "selector1": ".uc_date",
                "selector2": ".ue-grid-item-meta-data",
                "selector3": "",
                "__attr_catid__": "cat_style_c908c0tm"
            },
            {
                "type": "uc_padding",
                "title": "Title Padding",
                "name": "title_padding",
                "description": "",
                "enable_condition": false,
                "condition_attribute": "",
                "condition_operator": "equal",
                "condition_value": null,
                "is_responsive": true,
                "desktop_top": "",
                "desktop_right": "",
                "desktop_bottom": "",
                "desktop_left": "",
                "tablet_top": "",
                "tablet_right": "",
                "tablet_bottom": "",
                "tablet_left": "",
                "mobile_top": "",
                "mobile_right": "",
                "mobile_bottom": "",
                "mobile_left": "",
                "selector": ".ue_post_title",
                "__attr_catid__": "cat_style_fvorwuuk"
            },
            {
                "type": "uc_padding",
                "title": "Text Padding",
                "name": "text_padding",
                "description": "",
                "enable_condition": false,
                "condition_attribute": "",
                "condition_operator": "equal",
                "condition_value": null,
                "is_responsive": true,
                "desktop_top": "",
                "desktop_right": "",
                "desktop_bottom": "",
                "desktop_left": "",
                "tablet_top": "",
                "tablet_right": "",
                "tablet_bottom": "",
                "tablet_left": "",
                "mobile_top": "",
                "mobile_right": "",
                "mobile_bottom": "",
                "mobile_left": "",
                "selector": ".uc_sub-title",
                "__attr_catid__": "cat_style_gr8rflow"
            },
            {
                "type": "uc_padding",
                "title": "Date Padding",
                "name": "date_padding",
                "description": "",
                "enable_condition": false,
                "condition_attribute": "",
                "condition_operator": "equal",
                "condition_value": [],
                "condition_attribute2": "",
                "condition_operator2": "equal",
                "condition_value2": null,
                "label_block": false,
                "tabname": "",
                "is_responsive": true,
                "desktop_top": "",
                "desktop_right": "",
                "desktop_bottom": "",
                "desktop_left": "",
                "tablet_top": "",
                "tablet_right": "",
                "tablet_bottom": "",
                "tablet_left": "",
                "mobile_top": "",
                "mobile_right": "",
                "mobile_bottom": "",
                "mobile_left": "",
                "selector": ".uc_date, .ue-grid-item-meta-data",
                "add_units": "",
                "__attr_catid__": "cat_style_c908c0tm"
            },
            {
                "type": "uc_padding",
                "title": "Content Padding",
                "name": "content_padding",
                "description": "",
                "enable_condition": false,
                "condition_attribute": "",
                "condition_operator": "equal",
                "condition_value": [],
                "condition_attribute2": "",
                "condition_operator2": "equal",
                "condition_value2": null,
                "label_block": false,
                "tabname": "",
                "is_responsive": true,
                "desktop_top": "15",
                "desktop_right": "15",
                "desktop_bottom": "15",
                "desktop_left": "15",
                "tablet_top": "",
                "tablet_right": "",
                "tablet_bottom": "",
                "tablet_left": "",
                "mobile_top": "",
                "mobile_right": "",
                "mobile_bottom": "",
                "mobile_left": "",
                "selector": ".uc_ticker-box",
                "__attr_catid__": "cat_style_hdy7oh7l"
            },
            {
                "type": "uc_icon_library",
                "title": "Time Ago Icon",
                "name": "time_ago_icon",
                "description": "",
                "enable_condition": true,
                "condition_attribute": "show_time_ago",
                "condition_operator": "equal",
                "condition_value": [
                    "true"
                ],
                "condition_attribute2": "",
                "condition_operator2": "equal",
                "condition_value2": null,
                "label_block": false,
                "tabname": "",
                "default_value": "far fa-clock",
                "enable_svg": true,
                "put_svg_as": "svg",
                "__attr_catid__": "cat_content_fzukkjm1"
            },
            {
                "type": "uc_radioboolean",
                "title": "Show Arrow",
                "name": "show_arrow",
                "description": "",
                "admin_label": "false",
                "default_value": "true",
                "true_name": "Yes",
                "true_value": "true",
                "false_name": "No",
                "false_value": "false",
                "__attr_catid__": "cat_content_fzukkjm1"
            }
        ],
        "params_items": [
            {
                "type": "uc_textfield",
                "title": "Title",
                "name": "title",
                "description": "",
                "default_value": "",
                "limited_edit": "true"
            },
            {
                "type": "uc_textfield",
                "title": "Content",
                "name": "content",
                "description": "",
                "admin_label": "false",
                "default_value": "Test content",
                "font_editable": "true"
            }
        ],
        "includes": {
            "js": [],
            "jslib": [
                "jquery",
                "font-awsome",
                "bxslider"
            ],
            "css": [
                {
                    "url": "News Tickers\/uc_news_ticker.css",
                    "condition": null,
                    "params": null
                }
            ]
        },
        "variables_item": [],
        "variables_main": [],
        "params_cats": [
            {
                "id": "cat_general_general",
                "title": "General",
                "tab": "content"
            },
            {
                "id": "cat_content_fzukkjm1",
                "title": "Layout",
                "tab": "content"
            },
            {
                "id": "cat_content_8kczhoxh",
                "title": "Settings",
                "tab": "content"
            },
            {
                "enable_condition": false,
                "condition_attribute": "",
                "condition_operator": "equal",
                "condition_value": [],
                "condition_attribute2": "",
                "condition_operator2": "equal",
                "condition_value2": null,
                "id": "cat_style_hdy7oh7l",
                "title": "General",
                "tab": "style"
            },
            {
                "id": "cat_style_g7wnh18c",
                "title": "Background",
                "tab": "style"
            },
            {
                "id": "cat_style_lnu5qwa4",
                "title": "Border",
                "tab": "style"
            },
            {
                "id": "cat_style_3rdogbe0",
                "title": "Arrows",
                "tab": "style"
            },
            {
                "id": "cat_style_fvorwuuk",
                "title": "Title",
                "tab": "style"
            },
            {
                "id": "cat_style_gr8rflow",
                "title": "Text",
                "tab": "style"
            },
            {
                "id": "cat_style_c908c0tm",
                "title": "Date",
                "tab": "style"
            }
        ]
    },
    "templates": [
        "html",
        "html_item",
        "css",
        "js"
    ]
}