{
    "addontype": "",
    "cattitle": "Remote Control Widgets",
    "name": "remote_control_bullet_navigation",
    "alias": "",
    "title": "Remote Bullets",
    "description": "Change between slides with the help of the Remote Bullets widget. Use the Remote control bullets to control navigation in interactive widgets such as sliders, carousels, accordions, tabs, and more. Enable numbers in your bullets to make the navigation dots have a pagination look and feel. Style the bullets vertically or horizontally to achieve the exact layout you need on your website. ",
    "config": {
        "options": {
            "enable_items": "false",
            "items_section_title": "",
            "items_section_heading": "",
            "items_title_field": "",
            "path_assets": "remote_control_bullet_navigation",
            "js_as_module": false,
            "addon_icon": "",
            "dynamic_addon": "false",
            "dynamic_post_enable_customfields": "false",
            "dynamic_post_enable_category": "false",
            "description": "Change between slides with the help of the Remote Bullets widget. Use the Remote control bullets to control navigation in interactive widgets such as sliders, carousels, accordions, tabs, and more. Enable numbers in your bullets to make the navigation dots have a pagination look and feel. Style the bullets vertically or horizontally to achieve the exact layout you need on your website. ",
            "link_resource": "https:\/\/unlimited-elements.com\/docs\/remote-bullets\/",
            "link_preview": "https:\/\/unlimited-elements.com\/remote-bullets-widget-for-elementor\/",
            "show_small_icon": "true",
            "preview_size_unite_selected_text": "Full Size",
            "preview_size": "full",
            "preview_custom_width": "",
            "preview_bgcol": "#ffffff",
            "special": "",
            "special_data": "",
            "is_free_addon": true,
            "is_new_addon": false,
            "is_last_updated": false,
            "is_trending": false
        },
        "params": [
            {
                "type": "uc_listing",
                "title": "Remote",
                "name": "remote",
                "description": "",
                "enable_condition": false,
                "condition_attribute": "",
                "condition_operator": "equal",
                "condition_value": null,
                "condition_attribute2": "",
                "condition_operator2": "equal",
                "condition_value2": null,
                "label_block": false,
                "tabname": "",
                "use_for": "remote",
                "gallery_enable_video": false,
                "enable_pagination": false,
                "remote_type": "controller",
                "__attr_catid__": "cat_general_general"
            },
            {
                "type": "uc_slider",
                "title": "Gap",
                "name": "gap",
                "description": "",
                "enable_condition": false,
                "condition_attribute": "",
                "condition_operator": "equal",
                "condition_value": null,
                "label_block": false,
                "default_value": "7",
                "min": "0",
                "max": "100",
                "step": "1",
                "units": "px",
                "is_responsive": true,
                "default_value_tablet": "",
                "default_value_mobile": "",
                "selector": ".ue-remote-bullets",
                "selector_value": "gap: {{SIZE}}{{UNIT}};",
                "show_more_selectors": false,
                "selector2": "",
                "selector2_value": "width: {{SIZE}}{{UNIT}};",
                "selector3": "",
                "selector3_value": "width: {{SIZE}}{{UNIT}};",
                "__attr_catid__": "cat_general_general"
            },
            {
                "type": "uc_dropdown",
                "title": "Layout",
                "name": "layout",
                "description": "",
                "enable_condition": false,
                "condition_attribute": "",
                "condition_operator": "equal",
                "condition_value": null,
                "label_block": false,
                "options": {
                    "Row": "row",
                    "Row Reverse": "row-reverse",
                    "Column": "column",
                    "Column Reverse": "column-reverse"
                },
                "default_value": "row",
                "selector": ".ue-remote-bullets",
                "selector_value": "flex-direction:{{VALUE}};",
                "show_more_selectors": false,
                "selector2": "",
                "selector2_value": "",
                "selector3": "",
                "selector3_value": "",
                "is_responsive": true,
                "default_value_tablet": "",
                "default_value_mobile": "",
                "__attr_catid__": "cat_general_general"
            },
            {
                "type": "uc_dropdown",
                "title": "Justify",
                "name": "justify",
                "description": "",
                "enable_condition": false,
                "condition_attribute": "",
                "condition_operator": "equal",
                "condition_value": null,
                "condition_attribute2": "",
                "condition_operator2": "equal",
                "condition_value2": null,
                "label_block": false,
                "tabname": "",
                "options": {
                    "Start": "flex-start",
                    "Center": "center",
                    "End": "flex-end"
                },
                "default_value": "flex-start",
                "selector": ".ue-remote-bullets",
                "selector_value": "justify-content:{{VALUE}};",
                "show_more_selectors": false,
                "selector2": "",
                "selector2_value": "",
                "selector3": "",
                "selector3_value": "",
                "is_responsive": true,
                "default_value_tablet": "",
                "default_value_mobile": "",
                "__attr_catid__": "cat_general_general"
            },
            {
                "type": "uc_background",
                "title": "Active Background",
                "name": "active_background",
                "description": "",
                "enable_condition": false,
                "condition_attribute": "",
                "condition_operator": "equal",
                "condition_value": null,
                "label_block": false,
                "background_type": "solid",
                "solid_color": "#000000",
                "solid_bg_image": "",
                "solid_bg_image_position": "",
                "solid_bg_image_repeat": "",
                "solid_bg_image_size": "",
                "gradient_color1": "",
                "gradient_color2": "",
                "selector": ".ue-remote-bullet-btn.active",
                "__attr_catid__": "cat_style_tl2kxx6z"
            },
            {
                "type": "uc_dropdown",
                "title": "Align",
                "name": "align",
                "description": "",
                "enable_condition": false,
                "condition_attribute": "",
                "condition_operator": "equal",
                "condition_value": null,
                "condition_attribute2": "",
                "condition_operator2": "equal",
                "condition_value2": null,
                "label_block": false,
                "tabname": "",
                "options": {
                    "Start": "flex-start",
                    "Center": "center",
                    "End": "flex-end"
                },
                "default_value": "flex-start",
                "selector": ".ue-remote-bullets",
                "selector_value": "align-items:{{VALUE}};",
                "show_more_selectors": false,
                "selector2": "",
                "selector2_value": "",
                "selector3": "",
                "selector3_value": "",
                "is_responsive": true,
                "default_value_tablet": "",
                "default_value_mobile": "",
                "__attr_catid__": "cat_general_general"
            },
            {
                "type": "uc_background",
                "title": "Background",
                "name": "background",
                "description": "",
                "enable_condition": false,
                "condition_attribute": "",
                "condition_operator": "equal",
                "condition_value": null,
                "label_block": false,
                "background_type": "solid",
                "solid_color": "#d9d9d9",
                "solid_bg_image": "",
                "solid_bg_image_position": "",
                "solid_bg_image_repeat": "",
                "solid_bg_image_size": "",
                "gradient_color1": "",
                "gradient_color2": "",
                "selector": ".ue-remote-bullet-btn",
                "__attr_catid__": "cat_style_jixuym3o"
            },
            {
                "type": "uc_colorpicker",
                "title": "Bullet Color",
                "name": "bullet_color",
                "description": "",
                "enable_condition": true,
                "condition_attribute": "show_counter",
                "condition_operator": "equal",
                "condition_value": "true",
                "label_block": false,
                "default_value": "#4d4d4d",
                "selector": ".ue-remote-bullet-btn",
                "selector_value": "color:{{VALUE}};",
                "show_more_selectors": false,
                "selector2": "",
                "selector2_value": "",
                "selector3": "",
                "selector3_value": "",
                "__attr_catid__": "cat_style_pwbaqngi"
            },
            {
                "type": "uc_slider",
                "title": "Bullet Width",
                "name": "bullet_width",
                "description": "",
                "enable_condition": false,
                "condition_attribute": "",
                "condition_operator": "equal",
                "condition_value": null,
                "label_block": false,
                "default_value": "8",
                "min": "0",
                "max": "100",
                "step": "1",
                "units": "px",
                "is_responsive": true,
                "default_value_tablet": "",
                "default_value_mobile": "",
                "selector": ".ue-remote-bullet-btn",
                "selector_value": "width: {{SIZE}}{{UNIT}};",
                "show_more_selectors": false,
                "selector2": "",
                "selector2_value": "width: {{SIZE}}{{UNIT}};",
                "selector3": "",
                "selector3_value": "width: {{SIZE}}{{UNIT}};",
                "__attr_catid__": "cat_style_pwbaqngi"
            },
            {
                "type": "uc_slider",
                "title": "Bullet Height",
                "name": "bullet_height",
                "description": "",
                "enable_condition": false,
                "condition_attribute": "",
                "condition_operator": "equal",
                "condition_value": null,
                "label_block": false,
                "default_value": "8",
                "min": "0",
                "max": "100",
                "step": "1",
                "units": "px",
                "is_responsive": true,
                "default_value_tablet": "",
                "default_value_mobile": "",
                "selector": ".ue-remote-bullet-btn",
                "selector_value": "height: {{SIZE}}{{UNIT}};",
                "show_more_selectors": false,
                "selector2": "",
                "selector2_value": "width: {{SIZE}}{{UNIT}};",
                "selector3": "",
                "selector3_value": "width: {{SIZE}}{{UNIT}};",
                "__attr_catid__": "cat_style_pwbaqngi"
            },
            {
                "type": "uc_border_dimentions",
                "title": "Bullet Radius",
                "name": "bullet_radius",
                "description": "",
                "enable_condition": false,
                "condition_attribute": "",
                "condition_operator": "equal",
                "condition_value": null,
                "label_block": false,
                "is_responsive": true,
                "desktop_top": "10",
                "desktop_right": "10",
                "desktop_bottom": "10",
                "desktop_left": "10",
                "tablet_top": "",
                "tablet_right": "",
                "tablet_bottom": "",
                "tablet_left": "",
                "mobile_top": "",
                "mobile_right": "",
                "mobile_bottom": "",
                "mobile_left": "",
                "selector": ".ue-remote-bullet-btn",
                "__attr_catid__": "cat_style_pwbaqngi"
            },
            {
                "type": "uc_boxshadow",
                "title": "Bullet Shadow",
                "name": "bullet_shadow",
                "description": "",
                "enable_condition": false,
                "condition_attribute": "",
                "condition_operator": "equal",
                "condition_value": null,
                "label_block": false,
                "selector": ".ue-remote-bullet-btn",
                "__attr_catid__": "cat_style_pwbaqngi"
            },
            {
                "type": "uc_radioboolean",
                "title": "Show Counter",
                "name": "show_counter",
                "description": "",
                "enable_condition": false,
                "condition_attribute": "",
                "condition_operator": "equal",
                "condition_value": null,
                "label_block": false,
                "default_value": "false",
                "true_name": "Yes",
                "true_value": "true",
                "false_name": "No",
                "false_value": "false",
                "__attr_catid__": "cat_general_general"
            },
            {
                "type": "uc_hover_animations",
                "title": "Hover Animation",
                "name": "hover_animation",
                "description": "",
                "enable_condition": false,
                "condition_attribute": "",
                "condition_operator": "equal",
                "condition_value": null,
                "label_block": false,
                "default_value": "",
                "__attr_catid__": "cat_general_general"
            },
            {
                "type": "uc_slider",
                "title": "Active Height",
                "name": "active_height",
                "description": "",
                "enable_condition": false,
                "condition_attribute": "",
                "condition_operator": "equal",
                "condition_value": null,
                "label_block": false,
                "default_value": "8",
                "min": "0",
                "max": "100",
                "step": "1",
                "units": "px",
                "is_responsive": true,
                "default_value_tablet": "",
                "default_value_mobile": "",
                "selector": ".ue-remote-bullet-btn.active",
                "selector_value": "height: {{SIZE}}{{UNIT}};",
                "show_more_selectors": false,
                "selector2": "",
                "selector2_value": "width: {{SIZE}}{{UNIT}};",
                "selector3": "",
                "selector3_value": "width: {{SIZE}}{{UNIT}};",
                "__attr_catid__": "cat_style_3x6b2cdd"
            },
            {
                "type": "uc_slider",
                "title": "Active Width",
                "name": "active_width",
                "description": "",
                "enable_condition": false,
                "condition_attribute": "",
                "condition_operator": "equal",
                "condition_value": null,
                "label_block": false,
                "default_value": "8",
                "min": "0",
                "max": "100",
                "step": "1",
                "units": "px",
                "is_responsive": true,
                "default_value_tablet": "",
                "default_value_mobile": "",
                "selector": ".ue-remote-bullet-btn.active",
                "selector_value": "width: {{SIZE}}{{UNIT}};",
                "show_more_selectors": false,
                "selector2": "",
                "selector2_value": "width: {{SIZE}}{{UNIT}};",
                "selector3": "",
                "selector3_value": "width: {{SIZE}}{{UNIT}};",
                "__attr_catid__": "cat_style_3x6b2cdd"
            },
            {
                "type": "uc_colorpicker",
                "title": "Active Text Color",
                "name": "active_text_color",
                "description": "",
                "enable_condition": true,
                "condition_attribute": "show_counter",
                "condition_operator": "equal",
                "condition_value": "true",
                "label_block": false,
                "default_value": "#ffffff",
                "selector": ".ue-remote-bullet-btn.active",
                "selector_value": "color:{{VALUE}};",
                "show_more_selectors": false,
                "selector2": "",
                "selector2_value": "",
                "selector3": "",
                "selector3_value": "",
                "__attr_catid__": "cat_style_3x6b2cdd"
            },
            {
                "type": "uc_typography",
                "title": "Typography",
                "name": "typography",
                "description": "",
                "enable_condition": true,
                "condition_attribute": "show_counter",
                "condition_operator": "equal",
                "condition_value": "true",
                "label_block": false,
                "selector1": ".ue-remote-bullet-btn",
                "selector2": "",
                "selector3": "",
                "__attr_catid__": "cat_style_pwbaqngi"
            },
            {
                "type": "uc_border",
                "title": "Active Border",
                "name": "active_border",
                "description": "",
                "enable_condition": false,
                "condition_attribute": "",
                "condition_operator": "equal",
                "condition_value": null,
                "label_block": false,
                "border_type": "none",
                "border_color": "",
                "width_desktop_top": "",
                "width_desktop_right": "",
                "width_desktop_bottom": "",
                "width_desktop_left": "",
                "width_tablet_top": "",
                "width_tablet_right": "",
                "width_tablet_bottom": "",
                "width_tablet_left": "",
                "width_mobile_top": "",
                "width_mobile_right": "",
                "width_mobile_bottom": "",
                "width_mobile_left": "",
                "selector": ".ue-remote-bullet-btn.active",
                "__attr_catid__": "cat_style_3x6b2cdd"
            },
            {
                "type": "uc_boxshadow",
                "title": "Active Shadow",
                "name": "active_shadow",
                "description": "",
                "enable_condition": false,
                "condition_attribute": "",
                "condition_operator": "equal",
                "condition_value": null,
                "label_block": false,
                "selector": ".ue-remote-bullet-btn.active",
                "__attr_catid__": "cat_style_3x6b2cdd"
            },
            {
                "type": "uc_border",
                "title": "Bullet Border",
                "name": "bullet_border",
                "description": "",
                "enable_condition": false,
                "condition_attribute": "",
                "condition_operator": "equal",
                "condition_value": null,
                "condition_attribute2": "",
                "condition_operator2": "equal",
                "condition_value2": null,
                "label_block": false,
                "tabname": "",
                "border_type": "none",
                "border_color": "",
                "width_desktop_top": "",
                "width_desktop_right": "",
                "width_desktop_bottom": "",
                "width_desktop_left": "",
                "width_tablet_top": "",
                "width_tablet_right": "",
                "width_tablet_bottom": "",
                "width_tablet_left": "",
                "width_mobile_top": "",
                "width_mobile_right": "",
                "width_mobile_bottom": "",
                "width_mobile_left": "",
                "selector": ".ue-remote-bullet-btn",
                "__attr_catid__": "cat_style_pwbaqngi"
            },
            {
                "type": "uc_border",
                "title": "Active Bullet Border",
                "name": "active_bullet_border",
                "description": "",
                "enable_condition": false,
                "condition_attribute": "",
                "condition_operator": "equal",
                "condition_value": null,
                "condition_attribute2": "",
                "condition_operator2": "equal",
                "condition_value2": null,
                "label_block": false,
                "tabname": "",
                "border_type": "none",
                "border_color": "",
                "width_desktop_top": "",
                "width_desktop_right": "",
                "width_desktop_bottom": "",
                "width_desktop_left": "",
                "width_tablet_top": "",
                "width_tablet_right": "",
                "width_tablet_bottom": "",
                "width_tablet_left": "",
                "width_mobile_top": "",
                "width_mobile_right": "",
                "width_mobile_bottom": "",
                "width_mobile_left": "",
                "selector": ".ue-remote-bullet-btn.active",
                "__attr_catid__": "cat_style_3x6b2cdd"
            }
        ],
        "params_items": [
            {
                "type": "uc_textfield",
                "title": "Title",
                "name": "title",
                "description": "",
                "default_value": "",
                "limited_edit": true
            }
        ],
        "includes": {
            "js": [],
            "jslib": [
                "jquery"
            ],
            "css": []
        },
        "variables_item": [],
        "variables_main": [],
        "params_cats": [
            {
                "id": "cat_general_general",
                "title": "General",
                "tab": "content"
            },
            {
                "id": "cat_style_pwbaqngi",
                "title": "Bullet",
                "tab": "style"
            },
            {
                "id": "cat_style_3x6b2cdd",
                "title": "Active Bullet",
                "tab": "style"
            },
            {
                "id": "cat_style_jixuym3o",
                "title": "Bullet Background",
                "tab": "style"
            },
            {
                "id": "cat_style_tl2kxx6z",
                "title": "Active Background",
                "tab": "style"
            }
        ]
    },
    "templates": [
        "html",
        "css",
        "js"
    ]
}