{
    "addontype": "",
    "cattitle": "Hero Widgets",
    "name": "split_hero",
    "alias": "",
    "title": "Split Hero",
    "description": "",
    "config": {
        "options": {
            "enable_items": "true",
            "items_section_title": "Buttons",
            "items_section_heading": "",
            "items_title_field": "",
            "path_assets": "uc_business_header",
            "js_as_module": false,
            "addon_icon": "fas fa-images",
            "dynamic_addon": "false",
            "dynamic_post_enable_customfields": "false",
            "dynamic_post_enable_category": "false",
            "description": "",
            "link_resource": "https:\/\/youtu.be\/FuAHUbifRIA",
            "link_preview": "https:\/\/unlimited-elements.com\/split-hero-widget-for-elementor",
            "show_small_icon": "true",
            "preview_size_unite_selected_text": "Full Size",
            "preview_size": "full",
            "preview_custom_width": "",
            "preview_bgcol": "#ffffff",
            "special": "",
            "special_data": "",
            "is_free_addon": true,
            "is_new_addon": false,
            "is_last_updated": false,
            "is_trending": false
        },
        "params": [
            {
                "type": "uc_image",
                "title": "Logo",
                "name": "logo",
                "description": "",
                "add_thumb": "false",
                "add_thumb_large": "false",
                "default_value": "[url_assets]\/play_button.png",
                "__attr_catid__": "cat_general_general"
            },
            {
                "type": "uc_link",
                "title": "Logo Link",
                "name": "logo_link",
                "description": "",
                "default_value": "#",
                "__attr_catid__": "cat_general_general"
            },
            {
                "type": "uc_textfield",
                "title": "Title",
                "name": "title",
                "description": "",
                "default_value": "Lorem Ipsum",
                "font_editable": false,
                "__attr_catid__": "cat_general_general"
            },
            {
                "type": "uc_dropdown",
                "title": "Title Tag",
                "name": "title_tag",
                "description": "",
                "enable_condition": false,
                "condition_attribute": "",
                "condition_operator": "equal",
                "condition_value": null,
                "label_block": false,
                "options": {
                    "div": "div",
                    "h1": "h1",
                    "h2": "h2",
                    "h3": "h3",
                    "h4": "h4",
                    "h5": "h5",
                    "h6": "h6"
                },
                "default_value": "div",
                "selector": "",
                "selector_value": "",
                "show_more_selectors": false,
                "selector2": "",
                "selector2_value": "",
                "selector3": "",
                "selector3_value": "",
                "is_responsive": false,
                "default_value_tablet": "",
                "default_value_mobile": "",
                "__attr_catid__": "cat_general_general"
            },
            {
                "type": "uc_textfield",
                "title": "Sub Title",
                "name": "sub_title",
                "description": "",
                "default_value": "Doler Simit",
                "font_editable": false,
                "__attr_catid__": "cat_general_general"
            },
            {
                "type": "uc_dropdown",
                "title": "Sub Title Tag",
                "name": "sub_title_tag",
                "description": "",
                "enable_condition": false,
                "condition_attribute": "",
                "condition_operator": "equal",
                "condition_value": null,
                "label_block": false,
                "options": {
                    "div": "div",
                    "h1": "h1",
                    "h2": "h2",
                    "h3": "h3",
                    "h4": "h4",
                    "h5": "h5",
                    "h6": "h6"
                },
                "default_value": "div",
                "selector": "",
                "selector_value": "",
                "show_more_selectors": false,
                "selector2": "",
                "selector2_value": "",
                "selector3": "",
                "selector3_value": "",
                "is_responsive": false,
                "default_value_tablet": "",
                "default_value_mobile": "",
                "__attr_catid__": "cat_general_general"
            },
            {
                "type": "uc_textarea",
                "title": "Description",
                "name": "description",
                "description": "",
                "default_value": "Lorem ipsum dolor sit amet, consectetur adipiscing elit. Donec egestas finibus egestas. ",
                "font_editable": false,
                "__attr_catid__": "cat_general_general"
            },
            {
                "type": "uc_image",
                "title": "Image",
                "name": "image",
                "description": "",
                "add_thumb": "false",
                "add_thumb_large": "false",
                "default_value": "[url_assets]\/main-background.jpg",
                "__attr_catid__": "cat_style_9xwb0gaa"
            },
            {
                "type": "uc_slider",
                "title": "Height",
                "name": "height",
                "description": "",
                "default_value": "100",
                "min": "0",
                "max": "100",
                "step": "1",
                "units": "vh_px",
                "is_responsive": true,
                "default_value_tablet": "",
                "default_value_mobile": "",
                "selector": ".uc_container_right,  .uc_container_left",
                "selector_value": "min-height: {{SIZE}}{{UNIT}};",
                "__attr_catid__": "cat_style_9upwxtsi"
            },
            {
                "type": "uc_colorpicker",
                "title": "Background Image Color",
                "name": "background_color",
                "description": "Used when blend mode is selected",
                "default_value": "#848484",
                "selector": ".uc_container_right",
                "selector_value": "background-color:{{VALUE}};",
                "__attr_catid__": "cat_style_9xwb0gaa"
            },
            {
                "type": "uc_dropdown",
                "title": "Background Blend Mode",
                "name": "background_blend_mode",
                "description": "",
                "options": {
                    "normal": "normal",
                    "multiply": "multiply",
                    "screen": "screen",
                    "overlay": "overlay",
                    "darken": "darken",
                    "lighten": "lighten",
                    "color-dodge": "color-dodge",
                    "saturation": "saturation",
                    "color": "color",
                    "luminosity": "luminosity"
                },
                "default_value": "normal",
                "__attr_catid__": "cat_style_9xwb0gaa"
            },
            {
                "type": "uc_colorpicker",
                "title": "Title Color",
                "name": "title_color",
                "description": "",
                "default_value": "#000000",
                "selector": ".uc_title",
                "selector_value": "color:{{VALUE}};",
                "__attr_catid__": "cat_style_607jhytm"
            },
            {
                "type": "uc_typography",
                "title": "Title Typography",
                "name": "title_typography",
                "description": "",
                "selector1": ".uc_title",
                "selector2": "",
                "selector3": "",
                "__attr_catid__": "cat_style_607jhytm"
            },
            {
                "type": "uc_colorpicker",
                "title": "Text Color",
                "name": "text_color",
                "description": "",
                "default_value": "#646464",
                "selector": ".uc_text",
                "selector_value": "color:{{VALUE}};",
                "__attr_catid__": "cat_style_yhgktyy5"
            },
            {
                "type": "uc_typography",
                "title": "Text Typography",
                "name": "text_typography",
                "description": "",
                "selector1": ".uc_text",
                "selector2": "",
                "selector3": "",
                "__attr_catid__": "cat_style_yhgktyy5"
            },
            {
                "type": "uc_dropdown",
                "title": "Direction",
                "name": "direction",
                "description": "",
                "enable_condition": false,
                "condition_attribute": "",
                "condition_operator": "equal",
                "condition_value": null,
                "label_block": false,
                "options": {
                    "Regular": "row",
                    "Reverse": "row-reverse"
                },
                "default_value": "row",
                "selector": ".ue-hero",
                "selector_value": "flex-direction:{{VALUE}};",
                "show_more_selectors": false,
                "selector2": "",
                "selector2_value": "",
                "selector3": "",
                "selector3_value": "",
                "is_responsive": true,
                "default_value_tablet": "",
                "default_value_mobile": "",
                "__attr_catid__": "cat_style_9upwxtsi"
            },
            {
                "type": "uc_colorpicker",
                "title": "Subtitle Color",
                "name": "subtitle_color",
                "description": "",
                "default_value": "#858585",
                "selector": ".uc_subtitle",
                "selector_value": "color:{{VALUE}};",
                "__attr_catid__": "cat_style_1iupbrch"
            },
            {
                "type": "uc_colorpicker",
                "title": "Button Color",
                "name": "button_color",
                "description": "",
                "default_value": "#000000",
                "selector": ".uc_btn",
                "selector_value": "color:{{VALUE}};",
                "__attr_catid__": "cat_style_g2c4wyan"
            },
            {
                "type": "uc_colorpicker",
                "title": "Button Color Hover",
                "name": "button_color_hover",
                "description": "",
                "default_value": "#000000",
                "selector": ".uc_btn:hover",
                "selector_value": "color:{{VALUE}};",
                "__attr_catid__": "cat_style_g2c4wyan"
            },
            {
                "type": "uc_colorpicker",
                "title": "Button Background Color",
                "name": "button_background_color",
                "description": "",
                "default_value": "",
                "selector": ".uc_btn",
                "selector_value": "background-color:{{VALUE}};",
                "__attr_catid__": "cat_style_g2c4wyan"
            },
            {
                "type": "uc_colorpicker",
                "title": "Button Background Color Hover",
                "name": "button_background_color_hover",
                "description": "",
                "default_value": "#ffffff",
                "selector": ".uc_btn:hover",
                "selector_value": "background-color:{{VALUE}};",
                "__attr_catid__": "cat_style_g2c4wyan"
            },
            {
                "type": "uc_padding",
                "title": "Button Padding",
                "name": "button_padding",
                "description": "",
                "is_responsive": "true",
                "desktop_top": "10",
                "desktop_right": "30",
                "desktop_bottom": "10",
                "desktop_left": "30",
                "tablet_top": "",
                "tablet_right": "",
                "tablet_bottom": "",
                "tablet_left": "",
                "mobile_top": "",
                "mobile_right": "",
                "mobile_bottom": "",
                "mobile_left": "",
                "selector": ".uc_btn",
                "__attr_catid__": "cat_style_g2c4wyan"
            },
            {
                "type": "uc_typography",
                "title": "Subtitle Typography",
                "name": "subtitle_typography",
                "description": "",
                "selector1": ".uc_subtitle",
                "selector2": "",
                "selector3": "",
                "__attr_catid__": "cat_style_1iupbrch"
            },
            {
                "type": "uc_typography",
                "title": "Button Typgoraphy",
                "name": "button_typgoraphy",
                "description": "",
                "selector1": ".uc_btn",
                "selector2": "",
                "selector3": "",
                "__attr_catid__": "cat_style_g2c4wyan"
            },
            {
                "type": "uc_padding",
                "title": "Content Padding",
                "name": "content_padding",
                "description": "",
                "is_responsive": true,
                "desktop_top": "60",
                "desktop_right": "60",
                "desktop_bottom": "60",
                "desktop_left": "60",
                "tablet_top": "",
                "tablet_right": "",
                "tablet_bottom": "",
                "tablet_left": "",
                "mobile_top": "",
                "mobile_right": "",
                "mobile_bottom": "",
                "mobile_left": "",
                "selector": ".uc_container_left",
                "__attr_catid__": "cat_style_rhjgvmvj"
            },
            {
                "type": "uc_slider",
                "title": "Text Spacing",
                "name": "text_spacing",
                "description": "",
                "default_value": "10",
                "min": "1",
                "max": "100",
                "step": "1",
                "units": "px",
                "is_responsive": "true",
                "default_value_tablet": "",
                "default_value_mobile": "",
                "selector": ".uc_text",
                "selector_value": "margin-top: {{SIZE}}{{UNIT}};",
                "__attr_catid__": "cat_style_yhgktyy5"
            },
            {
                "type": "uc_background",
                "title": "Content Background",
                "name": "content_background",
                "description": "",
                "background_type": "solid",
                "solid_color": "#eaeaea",
                "gradient_color1": "",
                "gradient_color2": "",
                "selector": ".uc_container_left",
                "__attr_catid__": "cat_style_rhjgvmvj"
            },
            {
                "type": "uc_slider",
                "title": "Logo Width",
                "name": "logo_width",
                "description": "",
                "default_value": "40",
                "min": "1",
                "max": "100",
                "step": "1",
                "units": "px_percent",
                "is_responsive": true,
                "default_value_tablet": "",
                "default_value_mobile": "",
                "selector": ".uc_logo img",
                "selector_value": "width: {{SIZE}}{{UNIT}};",
                "__attr_catid__": "cat_style_zg44bs2s"
            },
            {
                "type": "uc_slider",
                "title": "Logo Spacing",
                "name": "logo_spacing",
                "description": "",
                "default_value": "0",
                "min": "0",
                "max": "100",
                "step": "1",
                "units": "px",
                "is_responsive": false,
                "default_value_tablet": "",
                "default_value_mobile": "",
                "selector": ".uc_logo",
                "selector_value": "margin-top: {{SIZE}}{{UNIT}};",
                "__attr_catid__": "cat_style_zg44bs2s"
            },
            {
                "type": "uc_slider",
                "title": "Button Spacing",
                "name": "button_spacing",
                "description": "",
                "default_value": "50",
                "min": "1",
                "max": "100",
                "step": "1",
                "units": "px",
                "is_responsive": "true",
                "default_value_tablet": "",
                "default_value_mobile": "",
                "selector": ".uc_btn",
                "selector_value": "margin-top: {{SIZE}}{{UNIT}};",
                "__attr_catid__": "cat_style_g2c4wyan"
            },
            {
                "type": "uc_slider",
                "title": "Button Radius",
                "name": "button_radius",
                "description": "",
                "default_value": "50",
                "min": "1",
                "max": "100",
                "step": "1",
                "units": "px",
                "is_responsive": "true",
                "default_value_tablet": "",
                "default_value_mobile": "",
                "selector": ".uc_btn",
                "selector_value": "border-radius: {{SIZE}}{{UNIT}};",
                "__attr_catid__": "cat_style_g2c4wyan"
            },
            {
                "type": "uc_dropdown",
                "title": "Text Align",
                "name": "content_align",
                "description": "",
                "enable_condition": false,
                "condition_attribute": "",
                "condition_operator": "equal",
                "condition_value": null,
                "label_block": false,
                "options": {
                    "Center": "center",
                    "Left": "left",
                    "right": "right"
                },
                "default_value": "center",
                "selector": ".uc_container_holder",
                "selector_value": "text-align:{{VALUE}};",
                "show_more_selectors": false,
                "selector2": "",
                "selector2_value": "",
                "selector3": "",
                "selector3_value": "",
                "is_responsive": true,
                "default_value_tablet": "",
                "default_value_mobile": "",
                "__attr_catid__": "cat_style_rhjgvmvj"
            },
            {
                "type": "uc_dropdown",
                "title": "Vertical Align",
                "name": "vertical_align",
                "description": "",
                "enable_condition": false,
                "condition_attribute": "",
                "condition_operator": "equal",
                "condition_value": null,
                "label_block": false,
                "options": {
                    "Center": "center",
                    "Flex Start": "flex-start",
                    "Flex End": "flex-end"
                },
                "default_value": "center",
                "selector": ".uc_container_left",
                "selector_value": "align-items:{{VALUE}};",
                "show_more_selectors": false,
                "selector2": "",
                "selector2_value": "",
                "selector3": "",
                "selector3_value": "",
                "is_responsive": true,
                "default_value_tablet": "",
                "default_value_mobile": "",
                "__attr_catid__": "cat_style_rhjgvmvj"
            },
            {
                "type": "uc_slider",
                "title": "Image Width",
                "name": "image_width",
                "description": "",
                "default_value": "50",
                "min": "0",
                "max": "100",
                "step": "1",
                "units": "%",
                "is_responsive": true,
                "default_value_tablet": "",
                "default_value_mobile": "",
                "selector": ".uc_container_right",
                "selector_value": "width: {{SIZE}}{{UNIT}};",
                "__attr_catid__": "cat_style_9xwb0gaa"
            },
            {
                "type": "uc_slider",
                "title": "Subtitle Spacing",
                "name": "subtitle_spacing",
                "description": "",
                "default_value": "10",
                "min": "1",
                "max": "100",
                "step": "1",
                "units": "px",
                "is_responsive": "true",
                "default_value_tablet": "",
                "default_value_mobile": "",
                "selector": ".uc_subtitle",
                "selector_value": "margin-top: {{SIZE}}{{UNIT}};",
                "__attr_catid__": "cat_style_1iupbrch"
            },
            {
                "type": "uc_slider",
                "title": "Title Spacing",
                "name": "title_spacing",
                "description": "",
                "default_value": "0",
                "min": "0",
                "max": "100",
                "step": "1",
                "units": "px",
                "is_responsive": "false",
                "default_value_tablet": "",
                "default_value_mobile": "",
                "selector": ".uc_title",
                "selector_value": "margin-top: {{SIZE}}{{UNIT}};",
                "__attr_catid__": "cat_style_607jhytm"
            },
            {
                "type": "uc_border",
                "title": "Button Border",
                "name": "button_border",
                "description": "",
                "enable_condition": false,
                "condition_attribute": "",
                "condition_operator": "equal",
                "condition_value": null,
                "label_block": false,
                "border_type": "solid",
                "border_color": "#000000",
                "width_desktop_top": "1",
                "width_desktop_right": "1",
                "width_desktop_bottom": "1",
                "width_desktop_left": "1",
                "width_tablet_top": "",
                "width_tablet_right": "",
                "width_tablet_bottom": "",
                "width_tablet_left": "",
                "width_mobile_top": "",
                "width_mobile_right": "",
                "width_mobile_bottom": "",
                "width_mobile_left": "",
                "selector": ".uc_btn",
                "__attr_catid__": "cat_style_g2c4wyan"
            },
            {
                "type": "uc_border",
                "title": "Button Border Hover",
                "name": "button_border_hover",
                "description": "",
                "border_type": "solid",
                "border_color": "#000000",
                "width_desktop_top": "1",
                "width_desktop_right": "1",
                "width_desktop_bottom": "1",
                "width_desktop_left": "1",
                "width_tablet_top": "",
                "width_tablet_right": "",
                "width_tablet_bottom": "",
                "width_tablet_left": "",
                "width_mobile_top": "",
                "width_mobile_right": "",
                "width_mobile_bottom": "",
                "width_mobile_left": "",
                "selector": ".uc_btn:hover",
                "__attr_catid__": "cat_style_g2c4wyan"
            },
            {
                "type": "uc_radioboolean",
                "title": "Show Logo",
                "name": "show_logo",
                "description": "",
                "default_value": "true",
                "true_name": "Yes",
                "true_value": "true",
                "false_name": "No",
                "false_value": "false",
                "__attr_catid__": "cat_content_uu2w9e17"
            },
            {
                "type": "uc_radioboolean",
                "title": "Show Title",
                "name": "show_title",
                "description": "",
                "default_value": "true",
                "true_name": "Yes",
                "true_value": "true",
                "false_name": "No",
                "false_value": "false",
                "__attr_catid__": "cat_content_uu2w9e17"
            },
            {
                "type": "uc_radioboolean",
                "title": "Show Sub Title",
                "name": "show_sub_title",
                "description": "",
                "default_value": "true",
                "true_name": "Yes",
                "true_value": "true",
                "false_name": "No",
                "false_value": "false",
                "__attr_catid__": "cat_content_uu2w9e17"
            },
            {
                "type": "uc_dropdown",
                "title": "Sub Title Position",
                "name": "sub_title_position",
                "description": "",
                "enable_condition": false,
                "condition_attribute": "",
                "condition_operator": "equal",
                "condition_value": null,
                "label_block": false,
                "options": {
                    "Before Title": "before",
                    "After Title": "after"
                },
                "default_value": "before",
                "selector": "",
                "selector_value": "",
                "show_more_selectors": false,
                "selector2": "",
                "selector2_value": "",
                "selector3": "",
                "selector3_value": "",
                "is_responsive": false,
                "default_value_tablet": "",
                "default_value_mobile": "",
                "__attr_catid__": "cat_content_uu2w9e17"
            },
            {
                "type": "uc_radioboolean",
                "title": "Show Text",
                "name": "show_text",
                "description": "",
                "default_value": "true",
                "true_name": "Yes",
                "true_value": "true",
                "false_name": "No",
                "false_value": "false",
                "__attr_catid__": "cat_content_uu2w9e17"
            },
            {
                "type": "uc_radioboolean",
                "title": "Show Button",
                "name": "show_button",
                "description": "",
                "default_value": "true",
                "true_name": "Yes",
                "true_value": "true",
                "false_name": "No",
                "false_value": "false",
                "__attr_catid__": "cat_content_uu2w9e17"
            },
            {
                "type": "uc_number",
                "title": "Responsive Breakpoint",
                "name": "responsive_breakpoint",
                "description": "",
                "default_value": "420",
                "unit": "px",
                "unit_custom": "",
                "min_value": "",
                "max_value": "",
                "step": "",
                "is_responsive": false,
                "default_value_tablet": "",
                "default_value_mobile": "",
                "selector": "",
                "selector_value": "",
                "__attr_catid__": "cat_content_uu2w9e17"
            },
            {
                "type": "uc_typography",
                "title": "Button Typography",
                "name": "button_typography",
                "description": "",
                "enable_condition": false,
                "condition_attribute": "",
                "condition_operator": "equal",
                "condition_value": null,
                "label_block": false,
                "selector1": ".uc_btn",
                "selector2": "",
                "selector3": "",
                "__attr_catid__": "cat_style_g2c4wyan"
            }
        ],
        "params_items": [
            {
                "type": "uc_textfield",
                "title": "Button Text",
                "name": "title",
                "description": "",
                "enable_condition": false,
                "condition_attribute": null,
                "condition_operator": "equal",
                "condition_value": null,
                "label_block": false,
                "default_value": "Learn More",
                "font_editable": false
            },
            {
                "type": "uc_link",
                "title": "Button Link",
                "name": "button_link",
                "description": "",
                "enable_condition": false,
                "condition_attribute": null,
                "condition_operator": "equal",
                "condition_value": null,
                "label_block": false,
                "default_value": "#"
            },
            {
                "type": "uc_textfield",
                "title": "Button ID",
                "name": "button_id",
                "description": "",
                "enable_condition": false,
                "condition_attribute": null,
                "condition_operator": "equal",
                "condition_value": null,
                "label_block": false,
                "default_value": "",
                "font_editable": false
            },
            {
                "type": "uc_colorpicker",
                "title": "Background Color",
                "name": "background_color",
                "description": "",
                "enable_condition": false,
                "condition_attribute": null,
                "condition_operator": "equal",
                "condition_value": null,
                "label_block": false,
                "default_value": "",
                "selector": "{{CURRENT_ITEM}}",
                "selector_value": "background-color:{{VALUE}};",
                "show_more_selectors": false,
                "selector2": "",
                "selector2_value": "",
                "selector3": "",
                "selector3_value": ""
            }
        ],
        "includes": {
            "js": [],
            "jslib": [
                "jquery",
                "font-awsome"
            ],
            "css": []
        },
        "variables_item": [],
        "variables_main": [],
        "params_cats": [
            {
                "id": "cat_general_general",
                "title": "General",
                "tab": "content"
            },
            {
                "id": "cat_content_uu2w9e17",
                "title": "Layout",
                "tab": "content"
            },
            {
                "id": "cat_style_9upwxtsi",
                "title": "General",
                "tab": "style"
            },
            {
                "id": "cat_style_9xwb0gaa",
                "title": "Image",
                "tab": "style"
            },
            {
                "id": "cat_style_rhjgvmvj",
                "title": "Content",
                "tab": "style"
            },
            {
                "id": "cat_style_zg44bs2s",
                "title": "Logo",
                "tab": "style"
            },
            {
                "id": "cat_style_607jhytm",
                "title": "Title",
                "tab": "style"
            },
            {
                "id": "cat_style_1iupbrch",
                "title": "Subtitle",
                "tab": "style"
            },
            {
                "id": "cat_style_yhgktyy5",
                "title": "Text",
                "tab": "style"
            },
            {
                "id": "cat_style_g2c4wyan",
                "title": "Button",
                "tab": "style"
            }
        ]
    },
    "templates": [
        "html",
        "html_item",
        "css"
    ]
}