{
    "addontype": "",
    "cattitle": "Team Members",
    "name": "team_member_card",
    "alias": "",
    "title": "Team Member Card",
    "description": "The team member card widget allows you to showcase your staff, employees, or any type of people in a card format on your Elementor website. Spotlight your team with the Team Member Card Widget for Elementor. Gain the client's trust by establishing a personal connection with each and every team member. Showcase information like the team member's image, position, title, and social links to make users engage with the team members on your Elementor website. ",
    "config": {
        "options": {
            "enable_items": "true",
            "items_section_title": "",
            "items_section_heading": "",
            "items_title_field": "",
            "path_assets": "team_member_card",
            "js_as_module": false,
            "addon_icon": "",
            "dynamic_addon": "false",
            "dynamic_post_enable_customfields": "false",
            "dynamic_post_enable_category": "false",
            "description": "The team member card widget allows you to showcase your staff, employees, or any type of people in a card format on your Elementor website. Spotlight your team with the Team Member Card Widget for Elementor. Gain the client's trust by establishing a personal connection with each and every team member. Showcase information like the team member's image, position, title, and social links to make users engage with the team members on your Elementor website. ",
            "link_resource": "",
            "link_preview": "http:\/\/unlimited-elements.com\/team-member-card-widget-for-elementor\/",
            "show_small_icon": "true",
            "preview_size_unite_selected_text": "Column Size",
            "preview_size": "column",
            "preview_custom_width": "",
            "preview_bgcol": "#ffffff",
            "special": "",
            "special_data": "",
            "is_free_addon": true,
            "is_new_addon": false,
            "is_last_updated": false,
            "is_trending": false
        },
        "params": [
            {
                "type": "uc_image",
                "title": "Image",
                "name": "image",
                "description": "",
                "enable_condition": false,
                "condition_attribute": "",
                "condition_operator": "equal",
                "condition_value": null,
                "default_value": "[url_assets]\/avatar.jpeg",
                "add_image_sizes": true,
                "__attr_catid__": "cat_general_general"
            },
            {
                "type": "uc_textfield",
                "title": "Title",
                "name": "title",
                "description": "",
                "enable_condition": false,
                "condition_attribute": null,
                "condition_operator": "equal",
                "condition_value": null,
                "default_value": "Jhon Doe",
                "font_editable": false,
                "__attr_catid__": "cat_general_general"
            },
            {
                "type": "uc_textfield",
                "title": "Sub Title",
                "name": "sub_title",
                "description": "",
                "enable_condition": false,
                "condition_attribute": null,
                "condition_operator": "equal",
                "condition_value": null,
                "default_value": "Web Creator",
                "font_editable": false,
                "__attr_catid__": "cat_general_general"
            },
            {
                "type": "uc_editor",
                "title": "Text",
                "name": "text",
                "description": "",
                "enable_condition": false,
                "condition_attribute": "",
                "condition_operator": "equal",
                "condition_value": null,
                "default_value": "Plan, create and code internet sites and web pages.",
                "__attr_catid__": "cat_general_general"
            },
            {
                "type": "uc_link",
                "title": "Link",
                "name": "button_link",
                "description": "",
                "enable_condition": false,
                "condition_attribute": "",
                "condition_operator": "equal",
                "condition_value": [],
                "condition_attribute2": "",
                "condition_operator2": "equal",
                "condition_value2": null,
                "label_block": false,
                "tabname": "",
                "default_value": "#",
                "__attr_catid__": "cat_general_general"
            },
            {
                "type": "uc_textfield",
                "title": "Button Text",
                "name": "button_text",
                "description": "",
                "enable_condition": false,
                "condition_attribute": null,
                "condition_operator": "equal",
                "condition_value": null,
                "default_value": "Download Resume",
                "font_editable": false,
                "__attr_catid__": "cat_general_general"
            },
            {
                "type": "uc_dropdown",
                "title": "Content Align",
                "name": "content_align",
                "description": "",
                "enable_condition": false,
                "condition_attribute": "",
                "condition_operator": "equal",
                "condition_value": null,
                "options": {
                    "Left": "left",
                    "Center": "center",
                    "Right": "right"
                },
                "default_value": "center",
                "selector": ".ue-team-member-card-content",
                "selector_value": "text-align:{{VALUE}};",
                "show_more_selectors": false,
                "selector2": "",
                "selector2_value": "",
                "selector3": "",
                "selector3_value": "",
                "is_responsive": true,
                "default_value_tablet": "",
                "default_value_mobile": "",
                "__attr_catid__": "cat_style_6vauuh51"
            },
            {
                "type": "uc_dropdown",
                "title": "Header Align",
                "name": "header_align",
                "description": "",
                "enable_condition": false,
                "condition_attribute": "",
                "condition_operator": "equal",
                "condition_value": null,
                "options": {
                    "Left": "left",
                    "Center": "center",
                    "Right": "right"
                },
                "default_value": "center",
                "selector": ".ue-team-member-card-header",
                "selector_value": "text-align:{{VALUE}};",
                "show_more_selectors": false,
                "selector2": "",
                "selector2_value": "",
                "selector3": "",
                "selector3_value": "",
                "is_responsive": true,
                "default_value_tablet": "",
                "default_value_mobile": "",
                "__attr_catid__": "cat_style_62jjnikh"
            },
            {
                "type": "uc_dropdown",
                "title": "Footer Align",
                "name": "footer_align",
                "description": "",
                "enable_condition": false,
                "condition_attribute": "",
                "condition_operator": "equal",
                "condition_value": null,
                "options": {
                    "Left": "left",
                    "Center": "center",
                    "Right": "right"
                },
                "default_value": "center",
                "selector": ".ue-team-member-card-footer",
                "selector_value": "text-align:{{VALUE}};",
                "show_more_selectors": false,
                "selector2": "",
                "selector2_value": "",
                "selector3": "",
                "selector3_value": "",
                "is_responsive": true,
                "default_value_tablet": "",
                "default_value_mobile": "",
                "__attr_catid__": "cat_style_pt4zq4el"
            },
            {
                "type": "uc_padding",
                "title": "Content Padding",
                "name": "content_padding",
                "description": "",
                "enable_condition": false,
                "condition_attribute": "",
                "condition_operator": "equal",
                "condition_value": null,
                "is_responsive": true,
                "desktop_top": "30",
                "desktop_right": "30",
                "desktop_bottom": "30",
                "desktop_left": "30",
                "tablet_top": "",
                "tablet_right": "",
                "tablet_bottom": "",
                "tablet_left": "",
                "mobile_top": "",
                "mobile_right": "",
                "mobile_bottom": "",
                "mobile_left": "",
                "selector": ".ue-team-member-card-content",
                "__attr_catid__": "cat_style_6vauuh51"
            },
            {
                "type": "uc_background",
                "title": "Card Background",
                "name": "card_background",
                "description": "",
                "enable_condition": false,
                "condition_attribute": "",
                "condition_operator": "equal",
                "condition_value": null,
                "background_type": "solid",
                "solid_color": "#ffffff",
                "solid_bg_image": "",
                "solid_bg_image_position": "",
                "solid_bg_image_repeat": "",
                "solid_bg_image_size": "",
                "gradient_color1": "",
                "gradient_color2": "",
                "selector": ".ue-team-member-card",
                "__attr_catid__": "cat_style_cif7iqrz"
            },
            {
                "type": "uc_border_dimentions",
                "title": "Card Radius",
                "name": "card_radius",
                "description": "",
                "enable_condition": false,
                "condition_attribute": "",
                "condition_operator": "equal",
                "condition_value": null,
                "is_responsive": true,
                "desktop_top": "10",
                "desktop_right": "10",
                "desktop_bottom": "10",
                "desktop_left": "10",
                "tablet_top": "",
                "tablet_right": "",
                "tablet_bottom": "",
                "tablet_left": "",
                "mobile_top": "",
                "mobile_right": "",
                "mobile_bottom": "",
                "mobile_left": "",
                "selector": ".ue-team-member-card",
                "__attr_catid__": "cat_style_colig0g1"
            },
            {
                "type": "uc_border",
                "title": "Card Border",
                "name": "card_border",
                "description": "",
                "enable_condition": false,
                "condition_attribute": "",
                "condition_operator": "equal",
                "condition_value": null,
                "border_type": "none",
                "border_color": "",
                "width_desktop_top": "",
                "width_desktop_right": "",
                "width_desktop_bottom": "",
                "width_desktop_left": "",
                "width_tablet_top": "",
                "width_tablet_right": "",
                "width_tablet_bottom": "",
                "width_tablet_left": "",
                "width_mobile_top": "",
                "width_mobile_right": "",
                "width_mobile_bottom": "",
                "width_mobile_left": "",
                "selector": ".ue-team-member-card",
                "__attr_catid__": "cat_style_colig0g1"
            },
            {
                "type": "uc_colorpicker",
                "title": "Footer Background",
                "name": "footer_background",
                "description": "",
                "enable_condition": false,
                "condition_attribute": "",
                "condition_operator": "equal",
                "condition_value": null,
                "default_value": "#efefef",
                "selector": ".ue-team-member-card-footer",
                "selector_value": "background-color:{{VALUE}};",
                "show_more_selectors": false,
                "selector2": "",
                "selector2_value": "",
                "selector3": "",
                "selector3_value": "",
                "__attr_catid__": "cat_style_pt4zq4el"
            },
            {
                "type": "uc_typography",
                "title": "Button Typography",
                "name": "button_typography",
                "description": "",
                "enable_condition": false,
                "condition_attribute": "",
                "condition_operator": "equal",
                "condition_value": [],
                "condition_attribute2": "",
                "condition_operator2": "equal",
                "condition_value2": null,
                "label_block": false,
                "tabname": "",
                "selector1": ".uc_more_btn",
                "selector2": "",
                "selector3": "",
                "__attr_catid__": "cat_style_ne46kdxg"
            },
            {
                "type": "uc_padding",
                "title": "Button Padding",
                "name": "button_padding",
                "description": "",
                "enable_condition": false,
                "condition_attribute": "",
                "condition_operator": "equal",
                "condition_value": [],
                "condition_attribute2": "",
                "condition_operator2": "equal",
                "condition_value2": null,
                "label_block": false,
                "tabname": "",
                "is_responsive": true,
                "desktop_top": "10",
                "desktop_right": "20",
                "desktop_bottom": "10",
                "desktop_left": "20",
                "tablet_top": "",
                "tablet_right": "",
                "tablet_bottom": "",
                "tablet_left": "",
                "mobile_top": "",
                "mobile_right": "",
                "mobile_bottom": "",
                "mobile_left": "",
                "selector": ".uc_more_btn",
                "__attr_catid__": "cat_style_ne46kdxg"
            },
            {
                "type": "uc_colorpicker",
                "title": "Button Background Color",
                "name": "button_bg_color",
                "description": "",
                "default_value": "#000000",
                "selector": ".uc_more_btn",
                "selector_value": "background-color:{{VALUE}};",
                "__attr_catid__": "cat_style_ne46kdxg",
                "value": "#000000"
            },
            {
                "type": "uc_colorpicker",
                "title": "Button Background Color Hover",
                "name": "button_background_color_hover",
                "description": "",
                "default_value": "#454545",
                "selector": ".uc_more_btn:hover",
                "selector_value": "background-color:{{VALUE}};",
                "__attr_catid__": "cat_style_ne46kdxg",
                "value": "#454545"
            },
            {
                "type": "uc_colorpicker",
                "title": "Button Text Color",
                "name": "button_text_color",
                "description": "",
                "default_value": "#ffffff",
                "selector": ".uc_more_btn",
                "selector_value": "color:{{VALUE}};",
                "__attr_catid__": "cat_style_ne46kdxg",
                "value": "#ffffff"
            },
            {
                "type": "uc_colorpicker",
                "title": "Button Text Color Hover",
                "name": "button_text_color_hover",
                "description": "",
                "default_value": "#ffffff",
                "selector": ".uc_more_btn:hover",
                "selector_value": "color:{{VALUE}};",
                "__attr_catid__": "cat_style_ne46kdxg",
                "value": "#ffffff"
            },
            {
                "type": "uc_slider",
                "title": "Button Spacing",
                "name": "button_spacing",
                "description": "",
                "enable_condition": false,
                "condition_attribute": "default",
                "condition_operator": "equal",
                "condition_value": "default",
                "default_value": "0",
                "min": "0",
                "max": "100",
                "step": "1",
                "units": "px",
                "is_responsive": true,
                "default_value_tablet": "",
                "default_value_mobile": "",
                "selector": ".uc_more_btn",
                "selector_value": "margin-top: {{SIZE}}{{UNIT}};",
                "show_more_selectors": false,
                "selector2": "",
                "selector2_value": "width: {{SIZE}}{{UNIT}};",
                "selector3": "",
                "selector3_value": "width: {{SIZE}}{{UNIT}};",
                "__attr_catid__": "cat_style_ne46kdxg"
            },
            {
                "type": "uc_border",
                "title": "Button Border",
                "name": "button_border",
                "description": "",
                "border_type": "none",
                "border_color": "",
                "width_desktop_top": "",
                "width_desktop_right": "",
                "width_desktop_bottom": "",
                "width_desktop_left": "",
                "width_tablet_top": "",
                "width_tablet_right": "",
                "width_tablet_bottom": "",
                "width_tablet_left": "",
                "width_mobile_top": "",
                "width_mobile_right": "",
                "width_mobile_bottom": "",
                "width_mobile_left": "",
                "selector": ".uc_more_btn",
                "__attr_catid__": "cat_style_ne46kdxg",
                "value": ""
            },
            {
                "type": "uc_border",
                "title": "Button Border Hover",
                "name": "button_border_hover",
                "description": "",
                "border_type": "none",
                "border_color": "",
                "width_desktop_top": "",
                "width_desktop_right": "",
                "width_desktop_bottom": "",
                "width_desktop_left": "",
                "width_tablet_top": "",
                "width_tablet_right": "",
                "width_tablet_bottom": "",
                "width_tablet_left": "",
                "width_mobile_top": "",
                "width_mobile_right": "",
                "width_mobile_bottom": "",
                "width_mobile_left": "",
                "selector": ".uc_more_btn:hover",
                "__attr_catid__": "cat_style_ne46kdxg",
                "value": ""
            },
            {
                "type": "uc_dropdown",
                "title": "Button Style",
                "name": "button_style",
                "description": "",
                "enable_condition": false,
                "condition_attribute": null,
                "condition_operator": "equal",
                "condition_value": null,
                "options": {
                    "Inline": "inline-block",
                    "Full Width": "block"
                },
                "default_value": "inline-block",
                "selector": ".uc_more_btn",
                "selector_value": "display:{{VALUE}};",
                "show_more_selectors": false,
                "selector2": "",
                "selector2_value": "",
                "selector3": "",
                "selector3_value": "",
                "is_responsive": true,
                "default_value_tablet": "",
                "default_value_mobile": "",
                "__attr_catid__": "cat_style_ne46kdxg"
            },
            {
                "type": "uc_slider",
                "title": "Button Radius",
                "name": "button_radius",
                "description": "",
                "default_value": "100",
                "min": "0",
                "max": "100",
                "step": "1",
                "units": "px",
                "is_responsive": "false",
                "default_value_tablet": "",
                "default_value_mobile": "",
                "selector": ".uc_more_btn",
                "selector_value": "border-radius: {{SIZE}}{{UNIT}};",
                "__attr_catid__": "cat_style_ne46kdxg"
            },
            {
                "type": "uc_padding",
                "title": "Footer Padding",
                "name": "footer_padding",
                "description": "",
                "enable_condition": false,
                "condition_attribute": "",
                "condition_operator": "equal",
                "condition_value": null,
                "is_responsive": true,
                "desktop_top": "30",
                "desktop_right": "30",
                "desktop_bottom": "30",
                "desktop_left": "30",
                "tablet_top": "",
                "tablet_right": "",
                "tablet_bottom": "",
                "tablet_left": "",
                "mobile_top": "",
                "mobile_right": "",
                "mobile_bottom": "",
                "mobile_left": "",
                "selector": ".ue-team-member-card-footer",
                "__attr_catid__": "cat_style_pt4zq4el"
            },
            {
                "type": "uc_border",
                "title": "Footer Border",
                "name": "footer_border",
                "description": "",
                "enable_condition": false,
                "condition_attribute": "",
                "condition_operator": "equal",
                "condition_value": null,
                "border_type": "none",
                "border_color": "",
                "width_desktop_top": "",
                "width_desktop_right": "",
                "width_desktop_bottom": "",
                "width_desktop_left": "",
                "width_tablet_top": "",
                "width_tablet_right": "",
                "width_tablet_bottom": "",
                "width_tablet_left": "",
                "width_mobile_top": "",
                "width_mobile_right": "",
                "width_mobile_bottom": "",
                "width_mobile_left": "",
                "selector": ".ue-team-member-card-footer",
                "__attr_catid__": "cat_style_pt4zq4el"
            },
            {
                "type": "uc_slider",
                "title": "Image Width",
                "name": "image_width",
                "description": "",
                "enable_condition": false,
                "condition_attribute": "",
                "condition_operator": "equal",
                "condition_value": null,
                "default_value": "80",
                "min": "0",
                "max": "200",
                "step": "1",
                "units": "px_percent",
                "is_responsive": true,
                "default_value_tablet": "",
                "default_value_mobile": "",
                "selector": ".ue-team-member-card-image-container",
                "selector_value": "width: {{SIZE}}{{UNIT}};",
                "show_more_selectors": false,
                "selector2": "",
                "selector2_value": "width: {{SIZE}}{{UNIT}};",
                "selector3": "",
                "selector3_value": "width: {{SIZE}}{{UNIT}};",
                "__attr_catid__": "cat_style_57ytcsj3"
            },
            {
                "type": "uc_slider",
                "title": "Image Height",
                "name": "image_height",
                "description": "",
                "enable_condition": false,
                "condition_attribute": "",
                "condition_operator": "equal",
                "condition_value": null,
                "default_value": "80",
                "min": "0",
                "max": "200",
                "step": "1",
                "units": "px",
                "is_responsive": true,
                "default_value_tablet": "",
                "default_value_mobile": "",
                "selector": ".ue-team-member-card-image img, .ue-team-member-card-image-container",
                "selector_value": "height: {{SIZE}}{{UNIT}};",
                "show_more_selectors": false,
                "selector2": "",
                "selector2_value": "width: {{SIZE}}{{UNIT}};",
                "selector3": "",
                "selector3_value": "width: {{SIZE}}{{UNIT}};",
                "__attr_catid__": "cat_style_57ytcsj3"
            },
            {
                "type": "uc_border_dimentions",
                "title": "Image Radius",
                "name": "image_radius",
                "description": "",
                "enable_condition": false,
                "condition_attribute": "",
                "condition_operator": "equal",
                "condition_value": null,
                "is_responsive": true,
                "desktop_top": "100",
                "desktop_right": "100",
                "desktop_bottom": "100",
                "desktop_left": "100",
                "tablet_top": "",
                "tablet_right": "",
                "tablet_bottom": "",
                "tablet_left": "",
                "mobile_top": "",
                "mobile_right": "",
                "mobile_bottom": "",
                "mobile_left": "",
                "selector": ".ue-team-member-card-image-container",
                "__attr_catid__": "cat_style_57ytcsj3"
            },
            {
                "type": "uc_margins",
                "title": "Image Margin",
                "name": "image_margin",
                "description": "",
                "enable_condition": false,
                "condition_attribute": "",
                "condition_operator": "equal",
                "condition_value": null,
                "is_responsive": true,
                "desktop_top": "",
                "desktop_right": "",
                "desktop_bottom": "",
                "desktop_left": "",
                "tablet_top": "",
                "tablet_right": "",
                "tablet_bottom": "",
                "tablet_left": "",
                "mobile_top": "",
                "mobile_right": "",
                "mobile_bottom": "",
                "mobile_left": "",
                "selector": ".ue-team-member-card-image",
                "__attr_catid__": "cat_style_57ytcsj3"
            },
            {
                "type": "uc_colorpicker",
                "title": "Title Color",
                "name": "title_color",
                "description": "",
                "enable_condition": false,
                "condition_attribute": "",
                "condition_operator": "equal",
                "condition_value": null,
                "default_value": "#000000",
                "selector": ".ue-team-member-card-title",
                "selector_value": "color:{{VALUE}};",
                "show_more_selectors": false,
                "selector2": "",
                "selector2_value": "",
                "selector3": "",
                "selector3_value": "",
                "__attr_catid__": "cat_style_2rvfck08"
            },
            {
                "type": "uc_colorpicker",
                "title": "Sub Title Color",
                "name": "sub_title_color",
                "description": "",
                "enable_condition": false,
                "condition_attribute": "",
                "condition_operator": "equal",
                "condition_value": null,
                "default_value": "#8a8a8a",
                "selector": ".ue-team-member-card-subtitle",
                "selector_value": "color:{{VALUE}};",
                "show_more_selectors": false,
                "selector2": "",
                "selector2_value": "",
                "selector3": "",
                "selector3_value": "",
                "__attr_catid__": "cat_style_3kvzj542"
            },
            {
                "type": "uc_colorpicker",
                "title": "Text Color",
                "name": "text_color",
                "description": "",
                "enable_condition": false,
                "condition_attribute": "",
                "condition_operator": "equal",
                "condition_value": null,
                "default_value": "#8a8a8a",
                "selector": ".ue-team-member-card-text",
                "selector_value": "color:{{VALUE}};",
                "show_more_selectors": false,
                "selector2": "",
                "selector2_value": "",
                "selector3": "",
                "selector3_value": "",
                "__attr_catid__": "cat_style_o5v95b25"
            },
            {
                "type": "uc_typography",
                "title": "Title Typography",
                "name": "title_typography",
                "description": "",
                "enable_condition": false,
                "condition_attribute": "",
                "condition_operator": "equal",
                "condition_value": null,
                "selector1": ".ue-team-member-card-title",
                "selector2": "",
                "selector3": "",
                "__attr_catid__": "cat_style_2rvfck08"
            },
            {
                "type": "uc_typography",
                "title": "Sub Title Typography",
                "name": "sub_title_typography",
                "description": "",
                "enable_condition": false,
                "condition_attribute": "",
                "condition_operator": "equal",
                "condition_value": null,
                "selector1": ".ue-team-member-card-subtitle",
                "selector2": "",
                "selector3": "",
                "__attr_catid__": "cat_style_3kvzj542"
            },
            {
                "type": "uc_typography",
                "title": "Text Typography",
                "name": "text_typography",
                "description": "",
                "enable_condition": false,
                "condition_attribute": "",
                "condition_operator": "equal",
                "condition_value": null,
                "selector1": ".ue-team-member-card-text",
                "selector2": "",
                "selector3": "",
                "__attr_catid__": "cat_style_o5v95b25"
            },
            {
                "type": "uc_textshadow",
                "title": "Title Shadow",
                "name": "title_shadow",
                "description": "",
                "enable_condition": false,
                "condition_attribute": "",
                "condition_operator": "equal",
                "condition_value": null,
                "selector": ".ue-team-member-card-title",
                "__attr_catid__": "cat_style_2rvfck08"
            },
            {
                "type": "uc_textshadow",
                "title": "Sub Title Shadow",
                "name": "sub_title_shadow",
                "description": "",
                "enable_condition": false,
                "condition_attribute": "",
                "condition_operator": "equal",
                "condition_value": null,
                "selector": ".ue-team-member-card-subtitle",
                "__attr_catid__": "cat_style_3kvzj542"
            },
            {
                "type": "uc_textshadow",
                "title": "Text Shadow",
                "name": "text_shadow",
                "description": "",
                "enable_condition": false,
                "condition_attribute": "",
                "condition_operator": "equal",
                "condition_value": null,
                "selector": ".ue-team-member-card-text",
                "__attr_catid__": "cat_style_o5v95b25"
            },
            {
                "type": "uc_slider",
                "title": "Title Spacing",
                "name": "title_spacing",
                "description": "Margin Top",
                "enable_condition": false,
                "condition_attribute": "",
                "condition_operator": "equal",
                "condition_value": null,
                "default_value": "10",
                "min": "0",
                "max": "100",
                "step": "1",
                "units": "px",
                "is_responsive": true,
                "default_value_tablet": "",
                "default_value_mobile": "",
                "selector": ".ue-team-member-card-title",
                "selector_value": "margin-top: {{SIZE}}{{UNIT}};",
                "show_more_selectors": false,
                "selector2": "",
                "selector2_value": "width: {{SIZE}}{{UNIT}};",
                "selector3": "",
                "selector3_value": "width: {{SIZE}}{{UNIT}};",
                "__attr_catid__": "cat_style_2rvfck08"
            },
            {
                "type": "uc_slider",
                "title": "Sub Title Spacing",
                "name": "sub_title_spacing",
                "description": "Margin Top",
                "enable_condition": false,
                "condition_attribute": "",
                "condition_operator": "equal",
                "condition_value": null,
                "default_value": "5",
                "min": "0",
                "max": "100",
                "step": "1",
                "units": "px",
                "is_responsive": true,
                "default_value_tablet": "",
                "default_value_mobile": "",
                "selector": ".ue-team-member-card-subtitle",
                "selector_value": "margin-top: {{SIZE}}{{UNIT}};",
                "show_more_selectors": false,
                "selector2": "",
                "selector2_value": "width: {{SIZE}}{{UNIT}};",
                "selector3": "",
                "selector3_value": "width: {{SIZE}}{{UNIT}};",
                "__attr_catid__": "cat_style_3kvzj542"
            },
            {
                "type": "uc_slider",
                "title": "Text Spacing",
                "name": "text_spacing",
                "description": "Margin Top",
                "enable_condition": false,
                "condition_attribute": "",
                "condition_operator": "equal",
                "condition_value": null,
                "default_value": "20",
                "min": "0",
                "max": "100",
                "step": "1",
                "units": "px",
                "is_responsive": true,
                "default_value_tablet": "",
                "default_value_mobile": "",
                "selector": ".ue-team-member-card-text",
                "selector_value": "margin-top: {{SIZE}}{{UNIT}};",
                "show_more_selectors": false,
                "selector2": "",
                "selector2_value": "width: {{SIZE}}{{UNIT}};",
                "selector3": "",
                "selector3_value": "width: {{SIZE}}{{UNIT}};",
                "__attr_catid__": "cat_style_o5v95b25"
            },
            {
                "type": "uc_boxshadow",
                "title": "Card Shadow",
                "name": "card_shadow",
                "description": "",
                "enable_condition": false,
                "condition_attribute": "",
                "condition_operator": "equal",
                "condition_value": null,
                "selector": ".ue-team-member-card",
                "__attr_catid__": "cat_style_colig0g1"
            },
            {
                "type": "uc_dropdown",
                "title": "Icons Alignment",
                "name": "icons_alignment",
                "description": "",
                "enable_condition": false,
                "condition_attribute": "",
                "condition_operator": "equal",
                "condition_value": null,
                "options": {
                    "Start": "flex-start",
                    "center": "center",
                    "End": "flex-end"
                },
                "default_value": "center",
                "selector": ".ue-team-member-card-icons",
                "selector_value": "justify-content:{{VALUE}};",
                "show_more_selectors": false,
                "selector2": "",
                "selector2_value": "",
                "selector3": "",
                "selector3_value": "",
                "is_responsive": true,
                "default_value_tablet": "",
                "default_value_mobile": "",
                "__attr_catid__": "cat_style_n81lzx9s"
            },
            {
                "type": "uc_slider",
                "title": "Icons Size",
                "name": "icons_size",
                "description": "",
                "enable_condition": false,
                "condition_attribute": "",
                "condition_operator": "equal",
                "condition_value": null,
                "default_value": "50",
                "min": "0",
                "max": "100",
                "step": "1",
                "units": "px",
                "is_responsive": true,
                "default_value_tablet": "",
                "default_value_mobile": "",
                "selector": ".ue-team-member-card-icons a",
                "selector_value": "width: {{SIZE}}{{UNIT}}; height: {{SIZE}}{{UNIT}};",
                "show_more_selectors": false,
                "selector2": "",
                "selector2_value": "width: {{SIZE}}{{UNIT}};",
                "selector3": "",
                "selector3_value": "width: {{SIZE}}{{UNIT}};",
                "__attr_catid__": "cat_style_n81lzx9s"
            },
            {
                "type": "uc_border",
                "title": "Icon Border",
                "name": "icon_border",
                "description": "",
                "enable_condition": false,
                "condition_attribute": "",
                "condition_operator": "equal",
                "condition_value": null,
                "border_type": "solid",
                "border_color": "#000000",
                "width_desktop_top": "3",
                "width_desktop_right": "3",
                "width_desktop_bottom": "3",
                "width_desktop_left": "3",
                "width_tablet_top": "",
                "width_tablet_right": "",
                "width_tablet_bottom": "",
                "width_tablet_left": "",
                "width_mobile_top": "",
                "width_mobile_right": "",
                "width_mobile_bottom": "",
                "width_mobile_left": "",
                "selector": ".ue-team-member-card-icons a",
                "__attr_catid__": "cat_style_n81lzx9s"
            },
            {
                "type": "uc_border_dimentions",
                "title": "Icon Radius",
                "name": "icon_radius",
                "description": "",
                "enable_condition": false,
                "condition_attribute": "",
                "condition_operator": "equal",
                "condition_value": null,
                "is_responsive": true,
                "desktop_top": "30",
                "desktop_right": "30",
                "desktop_bottom": "30",
                "desktop_left": "30",
                "tablet_top": "",
                "tablet_right": "",
                "tablet_bottom": "",
                "tablet_left": "",
                "mobile_top": "",
                "mobile_right": "",
                "mobile_bottom": "",
                "mobile_left": "",
                "selector": ".ue-team-member-card-icons a",
                "__attr_catid__": "cat_style_n81lzx9s"
            },
            {
                "type": "uc_slider",
                "title": "Icons Spacing",
                "name": "icons_spacing",
                "description": "Margin Top",
                "enable_condition": false,
                "condition_attribute": "",
                "condition_operator": "equal",
                "condition_value": null,
                "default_value": "20",
                "min": "0",
                "max": "100",
                "step": "1",
                "units": "px",
                "is_responsive": true,
                "default_value_tablet": "",
                "default_value_mobile": "",
                "selector": ".ue-team-member-card-icons",
                "selector_value": "margin-top: {{SIZE}}{{UNIT}};",
                "show_more_selectors": false,
                "selector2": "",
                "selector2_value": "width: {{SIZE}}{{UNIT}};",
                "selector3": "",
                "selector3_value": "width: {{SIZE}}{{UNIT}};",
                "__attr_catid__": "cat_style_n81lzx9s"
            },
            {
                "type": "uc_margins",
                "title": "Icon Margin",
                "name": "icon_gap",
                "description": "",
                "enable_condition": false,
                "condition_attribute": "",
                "condition_operator": "equal",
                "condition_value": null,
                "is_responsive": true,
                "desktop_top": "5",
                "desktop_right": "5",
                "desktop_bottom": "5",
                "desktop_left": "5",
                "tablet_top": "",
                "tablet_right": "",
                "tablet_bottom": "",
                "tablet_left": "",
                "mobile_top": "",
                "mobile_right": "",
                "mobile_bottom": "",
                "mobile_left": "",
                "selector": ".ue-team-member-card-icons a",
                "__attr_catid__": "cat_style_n81lzx9s"
            },
            {
                "type": "uc_colorpicker",
                "title": "Icon Color",
                "name": "icon_color",
                "description": "",
                "enable_condition": false,
                "condition_attribute": "",
                "condition_operator": "equal",
                "condition_value": null,
                "default_value": "#000000",
                "selector": ".ue-team-member-card-icons a",
                "selector_value": "color:{{VALUE}};",
                "show_more_selectors": true,
                "selector2": ".ue-team-member-card-icons a svg",
                "selector2_value": "fill:{{VALUE}};",
                "selector3": "",
                "selector3_value": "",
                "__attr_catid__": "cat_style_n81lzx9s"
            },
            {
                "type": "uc_colorpicker",
                "title": "Icon Color",
                "name": "icon_color_copy",
                "description": "",
                "enable_condition": false,
                "condition_attribute": "",
                "condition_operator": "equal",
                "condition_value": null,
                "default_value": "",
                "selector": ".ue-team-member-card-icons a:hover",
                "selector_value": "color:{{VALUE}};",
                "show_more_selectors": true,
                "selector2": ".ue-team-member-card-icons a:hover svg",
                "selector2_value": "fill:{{VALUE}};",
                "selector3": "",
                "selector3_value": "",
                "__attr_catid__": "cat_style_xaan4rmo"
            },
            {
                "type": "uc_border",
                "title": "Icon Border Hover",
                "name": "icon_border_hover",
                "description": "",
                "enable_condition": false,
                "condition_attribute": "",
                "condition_operator": "equal",
                "condition_value": null,
                "border_type": "none",
                "border_color": "",
                "width_desktop_top": "",
                "width_desktop_right": "",
                "width_desktop_bottom": "",
                "width_desktop_left": "",
                "width_tablet_top": "",
                "width_tablet_right": "",
                "width_tablet_bottom": "",
                "width_tablet_left": "",
                "width_mobile_top": "",
                "width_mobile_right": "",
                "width_mobile_bottom": "",
                "width_mobile_left": "",
                "selector": ".ue-team-member-card-icons a:hover",
                "__attr_catid__": "cat_style_xaan4rmo"
            },
            {
                "type": "uc_colorpicker",
                "title": "Icon Background",
                "name": "icon_background",
                "description": "",
                "enable_condition": false,
                "condition_attribute": "",
                "condition_operator": "equal",
                "condition_value": null,
                "default_value": "#ffffff",
                "selector": ".ue-team-member-card-icons a",
                "selector_value": "background-color:{{VALUE}};",
                "show_more_selectors": false,
                "selector2": "",
                "selector2_value": "",
                "selector3": "",
                "selector3_value": "",
                "__attr_catid__": "cat_style_n81lzx9s"
            },
            {
                "type": "uc_colorpicker",
                "title": "Icon Background Hover",
                "name": "icon_background_hover",
                "description": "",
                "enable_condition": false,
                "condition_attribute": "",
                "condition_operator": "equal",
                "condition_value": null,
                "default_value": "",
                "selector": ".ue-team-member-card-icons a:hover",
                "selector_value": "background-color:{{VALUE}};",
                "show_more_selectors": false,
                "selector2": "",
                "selector2_value": "",
                "selector3": "",
                "selector3_value": "",
                "__attr_catid__": "cat_style_xaan4rmo"
            },
            {
                "type": "uc_hover_animations",
                "title": "Icon Hover Effect",
                "name": "icon_hover_effect",
                "description": "",
                "enable_condition": false,
                "condition_attribute": "",
                "condition_operator": "equal",
                "condition_value": null,
                "default_value": "",
                "__attr_catid__": "cat_style_xaan4rmo"
            },
            {
                "type": "uc_dropdown",
                "title": "Image Placement ",
                "name": "image_placement",
                "description": "",
                "enable_condition": false,
                "condition_attribute": "",
                "condition_operator": "equal",
                "condition_value": [],
                "condition_attribute2": "",
                "condition_operator2": "equal",
                "condition_value2": null,
                "label_block": false,
                "tabname": "",
                "options": {
                    "Hide": "hide",
                    "Header": "header",
                    "Content": "content",
                    "Footer": "footer"
                },
                "default_value": "header",
                "selector": "",
                "selector_value": "",
                "show_more_selectors": false,
                "selector2": "",
                "selector2_value": "",
                "selector3": "",
                "selector3_value": "",
                "is_responsive": false,
                "default_value_tablet": "",
                "default_value_mobile": "",
                "php_filter_name": "",
                "__attr_catid__": "cat_content_gk331xss"
            },
            {
                "type": "uc_dropdown",
                "title": "Title Placement",
                "name": "title_placement",
                "description": "",
                "enable_condition": false,
                "condition_attribute": "",
                "condition_operator": "equal",
                "condition_value": null,
                "options": {
                    "Hide": "",
                    "Header": "header",
                    "Content": "content",
                    "Footer": "footer"
                },
                "default_value": "content",
                "selector": "",
                "selector_value": "",
                "show_more_selectors": false,
                "selector2": "",
                "selector2_value": "",
                "selector3": "",
                "selector3_value": "",
                "is_responsive": false,
                "default_value_tablet": "",
                "default_value_mobile": "",
                "__attr_catid__": "cat_content_gk331xss"
            },
            {
                "type": "uc_dropdown",
                "title": "Subtitle Placement",
                "name": "sub_title_placement",
                "description": "",
                "enable_condition": false,
                "condition_attribute": "",
                "condition_operator": "equal",
                "condition_value": null,
                "options": {
                    "Hide": "",
                    "Header": "header",
                    "Content": "content",
                    "Footer": "footer"
                },
                "default_value": "content",
                "selector": "",
                "selector_value": "",
                "show_more_selectors": false,
                "selector2": "",
                "selector2_value": "",
                "selector3": "",
                "selector3_value": "",
                "is_responsive": false,
                "default_value_tablet": "",
                "default_value_mobile": "",
                "__attr_catid__": "cat_content_gk331xss"
            },
            {
                "type": "uc_dropdown",
                "title": "Company Logo",
                "name": "company_logo",
                "description": "",
                "enable_condition": false,
                "condition_attribute": "",
                "condition_operator": "equal",
                "condition_value": [],
                "condition_attribute2": "",
                "condition_operator2": "equal",
                "condition_value2": null,
                "label_block": false,
                "tabname": "",
                "options": {
                    "none": "none",
                    "header": "header",
                    "content": "content",
                    "footer": "footer"
                },
                "default_value": "none",
                "selector": "",
                "selector_value": "",
                "show_more_selectors": false,
                "selector2": "",
                "selector2_value": "",
                "selector3": "",
                "selector3_value": "",
                "is_responsive": false,
                "default_value_tablet": "",
                "default_value_mobile": "",
                "php_filter_name": "",
                "__attr_catid__": "cat_content_gk331xss"
            },
            {
                "type": "uc_dropdown",
                "title": "Text Placement",
                "name": "text_placement",
                "description": "",
                "enable_condition": false,
                "condition_attribute": "",
                "condition_operator": "equal",
                "condition_value": null,
                "options": {
                    "Hide": "",
                    "Header": "header",
                    "Content": "content",
                    "Footer": "footer"
                },
                "default_value": "content",
                "selector": "",
                "selector_value": "",
                "show_more_selectors": false,
                "selector2": "",
                "selector2_value": "",
                "selector3": "",
                "selector3_value": "",
                "is_responsive": false,
                "default_value_tablet": "",
                "default_value_mobile": "",
                "__attr_catid__": "cat_content_gk331xss"
            },
            {
                "type": "uc_dropdown",
                "title": "Icons Placement",
                "name": "icons_placement",
                "description": "",
                "enable_condition": false,
                "condition_attribute": "",
                "condition_operator": "equal",
                "condition_value": null,
                "options": {
                    "Hide": "",
                    "Header": "header",
                    "Content": "content",
                    "Footer": "footer"
                },
                "default_value": "content",
                "selector": "",
                "selector_value": "",
                "show_more_selectors": false,
                "selector2": "",
                "selector2_value": "",
                "selector3": "",
                "selector3_value": "",
                "is_responsive": false,
                "default_value_tablet": "",
                "default_value_mobile": "",
                "__attr_catid__": "cat_content_gk331xss"
            },
            {
                "type": "uc_dropdown",
                "title": "Button Placement",
                "name": "button_placement",
                "description": "",
                "enable_condition": false,
                "condition_attribute": "",
                "condition_operator": "equal",
                "condition_value": null,
                "options": {
                    "Hide": "",
                    "Header": "header",
                    "Content": "content",
                    "Footer": "footer"
                },
                "default_value": "footer",
                "selector": "",
                "selector_value": "",
                "show_more_selectors": false,
                "selector2": "",
                "selector2_value": "",
                "selector3": "",
                "selector3_value": "",
                "is_responsive": false,
                "default_value_tablet": "",
                "default_value_mobile": "",
                "__attr_catid__": "cat_content_gk331xss"
            },
            {
                "type": "uc_border",
                "title": "Image Border",
                "name": "image_border",
                "description": "",
                "enable_condition": false,
                "condition_attribute": "",
                "condition_operator": "equal",
                "condition_value": null,
                "border_type": "none",
                "border_color": "",
                "width_desktop_top": "",
                "width_desktop_right": "",
                "width_desktop_bottom": "",
                "width_desktop_left": "",
                "width_tablet_top": "",
                "width_tablet_right": "",
                "width_tablet_bottom": "",
                "width_tablet_left": "",
                "width_mobile_top": "",
                "width_mobile_right": "",
                "width_mobile_bottom": "",
                "width_mobile_left": "",
                "selector": ".ue-team-member-card-image-container",
                "__attr_catid__": "cat_style_57ytcsj3"
            },
            {
                "type": "uc_padding",
                "title": "Header Padding",
                "name": "header_padding",
                "description": "",
                "enable_condition": false,
                "condition_attribute": "",
                "condition_operator": "equal",
                "condition_value": null,
                "is_responsive": true,
                "desktop_top": "20",
                "desktop_right": "20",
                "desktop_bottom": "0",
                "desktop_left": "20",
                "tablet_top": "",
                "tablet_right": "",
                "tablet_bottom": "",
                "tablet_left": "",
                "mobile_top": "",
                "mobile_right": "",
                "mobile_bottom": "",
                "mobile_left": "",
                "selector": ".ue-team-member-card-header",
                "__attr_catid__": "cat_style_62jjnikh"
            },
            {
                "type": "uc_background",
                "title": "Header Background",
                "name": "header_background",
                "description": "",
                "enable_condition": false,
                "condition_attribute": "",
                "condition_operator": "equal",
                "condition_value": null,
                "background_type": "none",
                "solid_color": "",
                "solid_bg_image": "",
                "solid_bg_image_position": "",
                "solid_bg_image_repeat": "",
                "solid_bg_image_size": "",
                "gradient_color1": "",
                "gradient_color2": "",
                "selector": ".ue-team-member-card-header",
                "__attr_catid__": "cat_style_62jjnikh"
            },
            {
                "type": "uc_border",
                "title": "Header Border",
                "name": "header_border",
                "description": "",
                "enable_condition": false,
                "condition_attribute": "",
                "condition_operator": "equal",
                "condition_value": null,
                "border_type": "none",
                "border_color": "",
                "width_desktop_top": "",
                "width_desktop_right": "",
                "width_desktop_bottom": "",
                "width_desktop_left": "",
                "width_tablet_top": "",
                "width_tablet_right": "",
                "width_tablet_bottom": "",
                "width_tablet_left": "",
                "width_mobile_top": "",
                "width_mobile_right": "",
                "width_mobile_bottom": "",
                "width_mobile_left": "",
                "selector": ".ue-team-member-card-header",
                "__attr_catid__": "cat_style_62jjnikh"
            },
            {
                "type": "uc_radioboolean",
                "title": "Show Header",
                "name": "show_header",
                "description": "",
                "enable_condition": false,
                "condition_attribute": "",
                "condition_operator": "equal",
                "condition_value": null,
                "default_value": "true",
                "true_name": "Yes",
                "true_value": "true",
                "false_name": "No",
                "false_value": "false",
                "__attr_catid__": "cat_content_gk331xss"
            },
            {
                "type": "uc_radioboolean",
                "title": "Show Footer",
                "name": "show_footer",
                "description": "",
                "enable_condition": false,
                "condition_attribute": "",
                "condition_operator": "equal",
                "condition_value": null,
                "default_value": "true",
                "true_name": "Yes",
                "true_value": "true",
                "false_name": "No",
                "false_value": "false",
                "__attr_catid__": "cat_content_gk331xss"
            },
            {
                "type": "uc_dropdown",
                "title": "Image Align",
                "name": "image_align",
                "description": "",
                "enable_condition": false,
                "condition_attribute": "",
                "condition_operator": "equal",
                "condition_value": null,
                "options": {
                    "Inherit": "inherit",
                    "Left": "left",
                    "Center": "center",
                    "Right": "right"
                },
                "default_value": "inherit",
                "selector": ".ue-team-member-card-image",
                "selector_value": "text-align:{{VALUE}};",
                "show_more_selectors": false,
                "selector2": "",
                "selector2_value": "",
                "selector3": "",
                "selector3_value": "",
                "is_responsive": false,
                "default_value_tablet": "",
                "default_value_mobile": "",
                "__attr_catid__": "cat_style_57ytcsj3"
            },
            {
                "type": "uc_radioboolean",
                "title": "Grow On Hover",
                "name": "grow_on_hover",
                "description": "",
                "enable_condition": false,
                "condition_attribute": "",
                "condition_operator": "equal",
                "condition_value": null,
                "default_value": "false",
                "true_name": "Yes",
                "true_value": "true",
                "false_name": "No",
                "false_value": "false",
                "__attr_catid__": "cat_style_57ytcsj3"
            },
            {
                "type": "uc_hover_animations",
                "title": "Button Hover Animation",
                "name": "button_hover_animation",
                "description": "",
                "enable_condition": false,
                "condition_attribute": "",
                "condition_operator": "equal",
                "condition_value": [],
                "condition_attribute2": "",
                "condition_operator2": "equal",
                "condition_value2": null,
                "label_block": false,
                "tabname": "",
                "default_value": "",
                "__attr_catid__": "cat_style_ne46kdxg"
            },
            {
                "type": "uc_image",
                "title": "Company Logo Image",
                "name": "company_logo_image",
                "description": "",
                "enable_condition": false,
                "condition_attribute": "",
                "condition_operator": "equal",
                "condition_value": [],
                "condition_attribute2": "",
                "condition_operator2": "equal",
                "condition_value2": null,
                "label_block": false,
                "tabname": "",
                "media_type": "image",
                "default_value": "[url_assets]\/logo.png",
                "add_image_sizes": false,
                "default_value_json": "",
                "__attr_catid__": "cat_general_general"
            },
            {
                "type": "uc_slider",
                "title": "Logo Height",
                "name": "logo_height",
                "description": "",
                "enable_condition": false,
                "condition_attribute": "",
                "condition_operator": "equal",
                "condition_value": [],
                "condition_attribute2": "",
                "condition_operator2": "equal",
                "condition_value2": null,
                "label_block": false,
                "tabname": "",
                "default_value": "40",
                "min": "0",
                "max": "150",
                "step": "1",
                "units": "px",
                "is_responsive": true,
                "default_value_tablet": "",
                "default_value_mobile": "",
                "selector": ".ue-company-logo img",
                "selector_value": "height: {{SIZE}}{{UNIT}};",
                "show_more_selectors": false,
                "selector2": "",
                "selector2_value": "width: {{SIZE}}{{UNIT}};",
                "selector3": "",
                "selector3_value": "width: {{SIZE}}{{UNIT}};",
                "__attr_catid__": "cat_style_yjmr99c1"
            },
            {
                "type": "uc_slider",
                "title": "Logo Spacing",
                "name": "logo_spacing",
                "description": "",
                "enable_condition": false,
                "condition_attribute": "",
                "condition_operator": "equal",
                "condition_value": [],
                "condition_attribute2": "",
                "condition_operator2": "equal",
                "condition_value2": null,
                "label_block": false,
                "tabname": "",
                "default_value": "10",
                "min": "0",
                "max": "100",
                "step": "1",
                "units": "px",
                "is_responsive": true,
                "default_value_tablet": "",
                "default_value_mobile": "",
                "selector": ".ue-company-logo",
                "selector_value": "margin-top: {{SIZE}}{{UNIT}};",
                "show_more_selectors": false,
                "selector2": "",
                "selector2_value": "width: {{SIZE}}{{UNIT}};",
                "selector3": "",
                "selector3_value": "width: {{SIZE}}{{UNIT}};",
                "__attr_catid__": "cat_style_yjmr99c1"
            },
            {
                "type": "uc_dropdown",
                "title": "Logo Fit",
                "name": "logo_fit",
                "description": "",
                "enable_condition": false,
                "condition_attribute": "",
                "condition_operator": "equal",
                "condition_value": [],
                "condition_attribute2": "",
                "condition_operator2": "equal",
                "condition_value2": null,
                "label_block": false,
                "tabname": "",
                "options": {
                    "contain": "contain",
                    "cover": "cover"
                },
                "default_value": "contain",
                "selector": ".ue-company-logo img",
                "selector_value": "object-fit:{{VALUE}};",
                "show_more_selectors": false,
                "selector2": "",
                "selector2_value": "",
                "selector3": "",
                "selector3_value": "",
                "is_responsive": false,
                "default_value_tablet": "",
                "default_value_mobile": "",
                "__attr_catid__": "cat_style_yjmr99c1"
            },
            {
                "type": "uc_css_filters",
                "title": "Logo Filter",
                "name": "logo_filter",
                "description": "",
                "enable_condition": false,
                "condition_attribute": "",
                "condition_operator": "equal",
                "condition_value": [],
                "condition_attribute2": "",
                "condition_operator2": "equal",
                "condition_value2": null,
                "label_block": false,
                "tabname": "",
                "selector": ".ue-company-logo img",
                "__attr_catid__": "cat_style_yjmr99c1"
            },
            {
                "type": "uc_radioboolean",
                "title": "Link Full Box",
                "name": "link_full_box",
                "description": "",
                "enable_condition": false,
                "condition_attribute": "",
                "condition_operator": "equal",
                "condition_value": [],
                "condition_attribute2": "",
                "condition_operator2": "equal",
                "condition_value2": null,
                "label_block": false,
                "tabname": "",
                "default_value": "false",
                "true_name": "Yes",
                "true_value": "true",
                "false_name": "No",
                "false_value": "false",
                "is_responsive": false,
                "default_value_tablet": "",
                "default_value_mobile": "",
                "__attr_catid__": "cat_general_general"
            }
        ],
        "params_items": [
            {
                "type": "uc_textfield",
                "title": "Title",
                "name": "title",
                "description": "",
                "default_value": "",
                "limited_edit": true
            },
            {
                "type": "uc_icon_library",
                "title": "Icon",
                "name": "icon",
                "description": "",
                "enable_condition": false,
                "condition_attribute": null,
                "condition_operator": "equal",
                "condition_value": null,
                "default_value": "fab fa-facebook-f",
                "enable_svg": true,
                "put_svg_as": "svg"
            },
            {
                "type": "uc_link",
                "title": "Link",
                "name": "link",
                "description": "",
                "enable_condition": false,
                "condition_attribute": null,
                "condition_operator": "equal",
                "condition_value": null,
                "default_value": "#"
            }
        ],
        "includes": {
            "js": [],
            "jslib": [
                "font-awsome"
            ],
            "css": []
        },
        "variables_item": [],
        "variables_main": [],
        "params_cats": [
            {
                "id": "cat_general_general",
                "title": "General",
                "tab": "content"
            },
            {
                "id": "cat_content_gk331xss",
                "title": "Layout",
                "tab": "content"
            },
            {
                "id": "cat_style_colig0g1",
                "title": "Card",
                "tab": "style"
            },
            {
                "id": "cat_style_cif7iqrz",
                "title": "Card Background",
                "tab": "style"
            },
            {
                "id": "cat_style_57ytcsj3",
                "title": "Image",
                "tab": "style"
            },
            {
                "id": "cat_style_6vauuh51",
                "title": "Content",
                "tab": "style"
            },
            {
                "id": "cat_style_2rvfck08",
                "title": "Title",
                "tab": "style"
            },
            {
                "id": "cat_style_3kvzj542",
                "title": "Subtitle",
                "tab": "style"
            },
            {
                "params": [
                    {
                        "type": "uc_slider",
                        "title": "Logo Height",
                        "name": "logo_height",
                        "description": "",
                        "enable_condition": false,
                        "condition_attribute": "",
                        "condition_operator": "equal",
                        "condition_value": [],
                        "condition_attribute2": "",
                        "condition_operator2": "equal",
                        "condition_value2": null,
                        "label_block": false,
                        "tabname": "",
                        "default_value": "40",
                        "min": "0",
                        "max": "150",
                        "step": "1",
                        "units": "px",
                        "is_responsive": true,
                        "default_value_tablet": "",
                        "default_value_mobile": "",
                        "selector": ".ue-company-logo img",
                        "selector_value": "height: {{SIZE}}{{UNIT}};",
                        "show_more_selectors": false,
                        "selector2": "",
                        "selector2_value": "width: {{SIZE}}{{UNIT}};",
                        "selector3": "",
                        "selector3_value": "width: {{SIZE}}{{UNIT}};",
                        "__attr_catid__": "cat_style_yjmr99c1"
                    },
                    {
                        "type": "uc_slider",
                        "title": "Logo Spacing",
                        "name": "logo_spacing",
                        "description": "",
                        "enable_condition": false,
                        "condition_attribute": "",
                        "condition_operator": "equal",
                        "condition_value": [],
                        "condition_attribute2": "",
                        "condition_operator2": "equal",
                        "condition_value2": null,
                        "label_block": false,
                        "tabname": "",
                        "default_value": "10",
                        "min": "0",
                        "max": "100",
                        "step": "1",
                        "units": "px",
                        "is_responsive": true,
                        "default_value_tablet": "",
                        "default_value_mobile": "",
                        "selector": ".ue-company-logo",
                        "selector_value": "margin-top: {{SIZE}}{{UNIT}};",
                        "show_more_selectors": false,
                        "selector2": "",
                        "selector2_value": "width: {{SIZE}}{{UNIT}};",
                        "selector3": "",
                        "selector3_value": "width: {{SIZE}}{{UNIT}};",
                        "__attr_catid__": "cat_style_yjmr99c1"
                    },
                    {
                        "type": "uc_dropdown",
                        "title": "Logo Fit",
                        "name": "logo_fit",
                        "description": "",
                        "enable_condition": false,
                        "condition_attribute": "",
                        "condition_operator": "equal",
                        "condition_value": [],
                        "condition_attribute2": "",
                        "condition_operator2": "equal",
                        "condition_value2": null,
                        "label_block": false,
                        "tabname": "",
                        "options": {
                            "contain": "contain",
                            "cover": "cover"
                        },
                        "default_value": "contain",
                        "selector": ".ue-company-logo img",
                        "selector_value": "object-fit:{{VALUE}};",
                        "show_more_selectors": false,
                        "selector2": "",
                        "selector2_value": "",
                        "selector3": "",
                        "selector3_value": "",
                        "is_responsive": false,
                        "default_value_tablet": "",
                        "default_value_mobile": "",
                        "__attr_catid__": "cat_style_yjmr99c1"
                    },
                    {
                        "type": "uc_css_filters",
                        "title": "Logo Filter",
                        "name": "logo_filter",
                        "description": "",
                        "enable_condition": false,
                        "condition_attribute": "",
                        "condition_operator": "equal",
                        "condition_value": [],
                        "condition_attribute2": "",
                        "condition_operator2": "equal",
                        "condition_value2": null,
                        "label_block": false,
                        "tabname": "",
                        "selector": ".ue-company-logo img",
                        "__attr_catid__": "cat_style_yjmr99c1"
                    }
                ],
                "expire": 1655371220147,
                "id": "cat_style_yjmr99c1",
                "title": "Company Logo",
                "tab": "style"
            },
            {
                "id": "cat_style_o5v95b25",
                "title": "Text",
                "tab": "style"
            },
            {
                "id": "cat_style_n81lzx9s",
                "title": "Icons",
                "tab": "style"
            },
            {
                "id": "cat_style_xaan4rmo",
                "title": "Icons Hover",
                "tab": "style"
            },
            {
                "id": "cat_style_62jjnikh",
                "title": "Header",
                "tab": "style"
            },
            {
                "id": "cat_style_pt4zq4el",
                "title": "Footer",
                "tab": "style"
            },
            {
                "id": "cat_style_ne46kdxg",
                "title": "Button",
                "tab": "style"
            }
        ]
    },
    "templates": [
        "html",
        "html_item",
        "css"
    ]
}