{
    "addontype": "",
    "cattitle": "Remote Control Widgets",
    "name": "arrow_navigation",
    "alias": "",
    "title": "Remote Arrows",
    "description": "Use the Remote Control Arrows widget to control navigation in interactive widgets such as sliders, carousels, accordions, tabs, and more. Now you have ultimate flexibility over your arrow navigation styles and you can create multiple layouts by editing the settings. Create vertical and horizontal arrow navigation and connect to any widget inside of the Unlimited Elements widget library.",
    "config": {
        "options": {
            "enable_items": "false",
            "items_section_title": "",
            "items_section_heading": "",
            "items_title_field": "",
            "path_assets": "arrow_navigation",
            "js_as_module": false,
            "addon_icon": "",
            "dynamic_addon": "false",
            "dynamic_post_enable_customfields": "false",
            "dynamic_post_enable_category": "false",
            "description": "Use the Remote Control Arrows widget to control navigation in interactive widgets such as sliders, carousels, accordions, tabs, and more. Now you have ultimate flexibility over your arrow navigation styles and you can create multiple layouts by editing the settings. Create vertical and horizontal arrow navigation and connect to any widget inside of the Unlimited Elements widget library.",
            "link_resource": "https:\/\/unlimited-elements.com\/docs\/remote-arrows\/",
            "link_preview": "https:\/\/unlimited-elements.com\/remote-arrows-widget-for-elementor\/",
            "show_small_icon": "true",
            "preview_size_unite_selected_text": "Full Size",
            "preview_size": "full",
            "preview_custom_width": "",
            "preview_bgcol": "#ffffff",
            "special": "",
            "special_data": "",
            "is_free_addon": true,
            "is_new_addon": false,
            "is_last_updated": false,
            "is_trending": false
        },
        "params": [
            {
                "type": "uc_listing",
                "title": "Remote",
                "name": "remote",
                "description": "",
                "enable_condition": false,
                "condition_attribute": "",
                "condition_operator": "equal",
                "condition_value": [],
                "condition_attribute2": "",
                "condition_operator2": "equal",
                "condition_value2": null,
                "label_block": false,
                "tabname": "",
                "use_for": "remote",
                "gallery_enable_video": false,
                "enable_pagination": false,
                "enable_ajax": false,
                "remote_type": "controller",
                "controller_more_parents": true,
                "__attr_catid__": "cat_general_general"
            },
            {
                "type": "uc_dropdown",
                "title": "Align",
                "name": "align",
                "description": "",
                "enable_condition": false,
                "condition_attribute": "",
                "condition_operator": "equal",
                "condition_value": null,
                "condition_attribute2": "",
                "condition_operator2": "equal",
                "condition_value2": null,
                "label_block": false,
                "tabname": "",
                "options": {
                    "Start": "flext-start",
                    "Center": "center",
                    "End": "flex-end"
                },
                "default_value": "flext-start",
                "selector": ".ue-remote-carousel-navigation-wrapper",
                "selector_value": "justify-content:{{VALUE}};",
                "show_more_selectors": false,
                "selector2": "",
                "selector2_value": "",
                "selector3": "",
                "selector3_value": "",
                "is_responsive": true,
                "default_value_tablet": "",
                "default_value_mobile": "",
                "__attr_catid__": "cat_general_general"
            },
            {
                "type": "uc_radioboolean",
                "title": "Show Previous",
                "name": "show_previous",
                "description": "",
                "enable_condition": false,
                "condition_attribute": "",
                "condition_operator": "equal",
                "condition_value": null,
                "condition_attribute2": "",
                "condition_operator2": "equal",
                "condition_value2": null,
                "label_block": false,
                "tabname": "",
                "default_value": "true",
                "true_name": "Yes",
                "true_value": "true",
                "false_name": "No",
                "false_value": "false",
                "is_responsive": false,
                "default_value_tablet": "",
                "default_value_mobile": "",
                "__attr_catid__": "cat_general_general"
            },
            {
                "type": "uc_icon_library",
                "title": "Previous Icon",
                "name": "previous_icon",
                "description": "",
                "enable_condition": true,
                "condition_attribute": "show_previous",
                "condition_operator": "equal",
                "condition_value": "true",
                "condition_attribute2": "",
                "condition_operator2": "equal",
                "condition_value2": null,
                "label_block": false,
                "tabname": "",
                "default_value": "fas fa-chevron-left",
                "enable_svg": true,
                "put_svg_as": "svg",
                "__attr_catid__": "cat_general_general"
            },
            {
                "type": "uc_radioboolean",
                "title": "Show Next",
                "name": "show_next",
                "description": "",
                "enable_condition": false,
                "condition_attribute": "",
                "condition_operator": "equal",
                "condition_value": null,
                "condition_attribute2": "",
                "condition_operator2": "equal",
                "condition_value2": null,
                "label_block": false,
                "tabname": "",
                "default_value": "true",
                "true_name": "Yes",
                "true_value": "true",
                "false_name": "No",
                "false_value": "false",
                "is_responsive": false,
                "default_value_tablet": "",
                "default_value_mobile": "",
                "__attr_catid__": "cat_general_general"
            },
            {
                "type": "uc_icon_library",
                "title": "Next Icon",
                "name": "next_icon",
                "description": "",
                "enable_condition": true,
                "condition_attribute": "show_next",
                "condition_operator": "equal",
                "condition_value": "true",
                "condition_attribute2": "",
                "condition_operator2": "equal",
                "condition_value2": null,
                "label_block": false,
                "tabname": "",
                "default_value": "fas fa-chevron-right",
                "enable_svg": true,
                "put_svg_as": "svg",
                "__attr_catid__": "cat_general_general"
            },
            {
                "type": "uc_radioboolean",
                "title": "Show Labels",
                "name": "show_labels",
                "description": "",
                "enable_condition": false,
                "condition_attribute": "",
                "condition_operator": "equal",
                "condition_value": null,
                "label_block": false,
                "default_value": "false",
                "true_name": "Yes",
                "true_value": "true",
                "false_name": "No",
                "false_value": "false",
                "__attr_catid__": "cat_content_vancrzo7"
            },
            {
                "type": "uc_textfield",
                "title": "Previous Label",
                "name": "previous_label",
                "description": "",
                "enable_condition": true,
                "condition_attribute": "show_labels",
                "condition_operator": "equal",
                "condition_value": "true",
                "label_block": false,
                "default_value": "Prev",
                "font_editable": false,
                "__attr_catid__": "cat_content_vancrzo7"
            },
            {
                "type": "uc_typography",
                "title": "Button Typography",
                "name": "button_typography",
                "description": "",
                "enable_condition": false,
                "condition_attribute": "",
                "condition_operator": "equal",
                "condition_value": [],
                "condition_attribute2": "",
                "condition_operator2": "equal",
                "condition_value2": null,
                "label_block": false,
                "tabname": "",
                "selector1": ".ue-remote-arrow",
                "selector2": "",
                "selector3": "",
                "__attr_catid__": "cat_style_7klj54jz"
            },
            {
                "type": "uc_colorpicker",
                "title": "Button Background",
                "name": "button_background",
                "description": "",
                "enable_condition": false,
                "condition_attribute": "",
                "condition_operator": "equal",
                "condition_value": [],
                "condition_attribute2": "",
                "condition_operator2": "equal",
                "condition_value2": null,
                "label_block": false,
                "tabname": "",
                "default_value": "#ffffff",
                "selector": ".ue-remote-arrow",
                "selector_value": "background-color:{{VALUE}};",
                "show_more_selectors": false,
                "selector2": "",
                "selector2_value": "",
                "selector3": "",
                "selector3_value": "",
                "__attr_catid__": "cat_style_7klj54jz"
            },
            {
                "type": "uc_colorpicker",
                "title": "Button Hover",
                "name": "button_hover",
                "description": "",
                "enable_condition": false,
                "condition_attribute": "",
                "condition_operator": "equal",
                "condition_value": [],
                "condition_attribute2": "",
                "condition_operator2": "equal",
                "condition_value2": null,
                "label_block": false,
                "tabname": "",
                "default_value": "",
                "selector": ".ue-remote-arrow:hover",
                "selector_value": "background-color:{{VALUE}};",
                "show_more_selectors": false,
                "selector2": "",
                "selector2_value": "",
                "selector3": "",
                "selector3_value": "",
                "__attr_catid__": "cat_style_am1bq2ls"
            },
            {
                "type": "uc_colorpicker",
                "title": "Button Icon Color",
                "name": "button_icon_color",
                "description": "",
                "enable_condition": false,
                "condition_attribute": "",
                "condition_operator": "equal",
                "condition_value": [],
                "condition_attribute2": "",
                "condition_operator2": "equal",
                "condition_value2": null,
                "label_block": false,
                "tabname": "",
                "default_value": "#000000",
                "selector": ".ue-remote-arrow .ue-carousel-nav-icon",
                "selector_value": "color:{{VALUE}};",
                "show_more_selectors": true,
                "selector2": "button .ue-carousel-nav-icon svg",
                "selector2_value": "fill:{{VALUE}};",
                "selector3": "",
                "selector3_value": "",
                "__attr_catid__": "cat_style_i8s232uo"
            },
            {
                "type": "uc_colorpicker",
                "title": "Button Icon Color Hover",
                "name": "button_icon_color_hover",
                "description": "",
                "enable_condition": false,
                "condition_attribute": "",
                "condition_operator": "equal",
                "condition_value": [],
                "condition_attribute2": "",
                "condition_operator2": "equal",
                "condition_value2": null,
                "label_block": false,
                "tabname": "",
                "default_value": "",
                "selector": ".ue-remote-arrow:hover .ue-carousel-nav-icon",
                "selector_value": "color:{{VALUE}};",
                "show_more_selectors": true,
                "selector2": "button:hover .ue-carousel-nav-icon svg",
                "selector2_value": "fill:{{VALUE}};",
                "selector3": "",
                "selector3_value": "",
                "__attr_catid__": "cat_style_am1bq2ls"
            },
            {
                "type": "uc_slider",
                "title": "Button Min Width",
                "name": "button_min_width",
                "description": "",
                "enable_condition": false,
                "condition_attribute": "",
                "condition_operator": "equal",
                "condition_value": [],
                "condition_attribute2": "",
                "condition_operator2": "equal",
                "condition_value2": null,
                "label_block": false,
                "tabname": "",
                "default_value": "50",
                "min": "0",
                "max": "100",
                "step": "1",
                "units": "px",
                "is_responsive": true,
                "default_value_tablet": "",
                "default_value_mobile": "",
                "selector": ".ue-remote-arrow",
                "selector_value": "min-width: {{SIZE}}{{UNIT}};",
                "show_more_selectors": false,
                "selector2": "",
                "selector2_value": "width: {{SIZE}}{{UNIT}};",
                "selector3": "",
                "selector3_value": "width: {{SIZE}}{{UNIT}};",
                "__attr_catid__": "cat_style_7klj54jz"
            },
            {
                "type": "uc_slider",
                "title": "Button Min Height",
                "name": "button_min_height",
                "description": "",
                "enable_condition": false,
                "condition_attribute": "",
                "condition_operator": "equal",
                "condition_value": [],
                "condition_attribute2": "",
                "condition_operator2": "equal",
                "condition_value2": null,
                "label_block": false,
                "tabname": "",
                "default_value": "50",
                "min": "0",
                "max": "100",
                "step": "1",
                "units": "px",
                "is_responsive": true,
                "default_value_tablet": "",
                "default_value_mobile": "",
                "selector": ".ue-remote-arrow",
                "selector_value": "min-height: {{SIZE}}{{UNIT}};",
                "show_more_selectors": false,
                "selector2": "",
                "selector2_value": "width: {{SIZE}}{{UNIT}};",
                "selector3": "",
                "selector3_value": "width: {{SIZE}}{{UNIT}};",
                "__attr_catid__": "cat_style_7klj54jz"
            },
            {
                "type": "uc_dropdown",
                "title": "Direction",
                "name": "direction",
                "description": "",
                "enable_condition": false,
                "condition_attribute": "",
                "condition_operator": "equal",
                "condition_value": null,
                "condition_attribute2": "",
                "condition_operator2": "equal",
                "condition_value2": null,
                "label_block": false,
                "tabname": "",
                "options": {
                    "Row": "row",
                    "Row Reverse": "row-reverse",
                    "Column": "column",
                    "Column Reverse": "column-reverse"
                },
                "default_value": "row",
                "selector": ".ue-remote-carousel-navigation",
                "selector_value": "flex-direction:{{VALUE}};",
                "show_more_selectors": false,
                "selector2": "",
                "selector2_value": "",
                "selector3": "",
                "selector3_value": "",
                "is_responsive": true,
                "default_value_tablet": "",
                "default_value_mobile": "",
                "__attr_catid__": "cat_general_general"
            },
            {
                "type": "uc_border_dimentions",
                "title": "Button Radius",
                "name": "button_radius",
                "description": "",
                "enable_condition": false,
                "condition_attribute": "",
                "condition_operator": "equal",
                "condition_value": [],
                "condition_attribute2": "",
                "condition_operator2": "equal",
                "condition_value2": null,
                "label_block": false,
                "tabname": "",
                "is_responsive": true,
                "desktop_top": "100",
                "desktop_right": "100",
                "desktop_bottom": "100",
                "desktop_left": "100",
                "tablet_top": "",
                "tablet_right": "",
                "tablet_bottom": "",
                "tablet_left": "",
                "mobile_top": "",
                "mobile_right": "",
                "mobile_bottom": "",
                "mobile_left": "",
                "selector": ".ue-remote-arrow",
                "__attr_catid__": "cat_style_7klj54jz"
            },
            {
                "type": "uc_border",
                "title": "Button Border",
                "name": "button_border",
                "description": "",
                "enable_condition": false,
                "condition_attribute": "",
                "condition_operator": "equal",
                "condition_value": [],
                "condition_attribute2": "",
                "condition_operator2": "equal",
                "condition_value2": null,
                "label_block": false,
                "tabname": "",
                "border_type": "solid",
                "border_color": "#000000",
                "width_desktop_top": "1",
                "width_desktop_right": "1",
                "width_desktop_bottom": "1",
                "width_desktop_left": "1",
                "width_tablet_top": "",
                "width_tablet_right": "",
                "width_tablet_bottom": "",
                "width_tablet_left": "",
                "width_mobile_top": "",
                "width_mobile_right": "",
                "width_mobile_bottom": "",
                "width_mobile_left": "",
                "selector": ".ue-remote-arrow",
                "__attr_catid__": "cat_style_7klj54jz"
            },
            {
                "type": "uc_border",
                "title": "Button Border Hover",
                "name": "button_border_hover",
                "description": "",
                "enable_condition": false,
                "condition_attribute": "",
                "condition_operator": "equal",
                "condition_value": [],
                "condition_attribute2": "",
                "condition_operator2": "equal",
                "condition_value2": null,
                "label_block": false,
                "tabname": "",
                "border_type": "none",
                "border_color": "",
                "width_desktop_top": "",
                "width_desktop_right": "",
                "width_desktop_bottom": "",
                "width_desktop_left": "",
                "width_tablet_top": "",
                "width_tablet_right": "",
                "width_tablet_bottom": "",
                "width_tablet_left": "",
                "width_mobile_top": "",
                "width_mobile_right": "",
                "width_mobile_bottom": "",
                "width_mobile_left": "",
                "selector": ".ue-remote-arrow:hover",
                "__attr_catid__": "cat_style_am1bq2ls"
            },
            {
                "type": "uc_boxshadow",
                "title": "Button Shadow Hover",
                "name": "button_shadow_hover",
                "description": "",
                "enable_condition": false,
                "condition_attribute": "",
                "condition_operator": "equal",
                "condition_value": [],
                "condition_attribute2": "",
                "condition_operator2": "equal",
                "condition_value2": null,
                "label_block": false,
                "tabname": "",
                "selector": ".ue-remote-arrow:hover",
                "__attr_catid__": "cat_style_am1bq2ls"
            },
            {
                "type": "uc_boxshadow",
                "title": "Button Shadow",
                "name": "button_shadow",
                "description": "",
                "enable_condition": false,
                "condition_attribute": "",
                "condition_operator": "equal",
                "condition_value": [],
                "condition_attribute2": "",
                "condition_operator2": "equal",
                "condition_value2": null,
                "label_block": false,
                "tabname": "",
                "selector": ".ue-remote-arrow",
                "__attr_catid__": "cat_style_7klj54jz"
            },
            {
                "type": "uc_textfield",
                "title": "Next Label",
                "name": "next_label",
                "description": "",
                "enable_condition": true,
                "condition_attribute": "show_labels",
                "condition_operator": "equal",
                "condition_value": "true",
                "label_block": false,
                "default_value": "Next",
                "font_editable": false,
                "__attr_catid__": "cat_content_vancrzo7"
            },
            {
                "type": "uc_dropdown",
                "title": "Button Direction",
                "name": "button_direction",
                "description": "",
                "enable_condition": false,
                "condition_attribute": "",
                "condition_operator": "equal",
                "condition_value": [],
                "condition_attribute2": "",
                "condition_operator2": "equal",
                "condition_value2": null,
                "label_block": false,
                "tabname": "",
                "options": {
                    "Row": "row",
                    "Row Reverse": "row-reverse",
                    "Column": "column",
                    "Column Reverse": "column-reverse"
                },
                "default_value": "row",
                "selector": ".ue-remote-arrow",
                "selector_value": "flex-direction:{{VALUE}};",
                "show_more_selectors": false,
                "selector2": "",
                "selector2_value": "",
                "selector3": "",
                "selector3_value": "",
                "is_responsive": true,
                "default_value_tablet": "",
                "default_value_mobile": "",
                "__attr_catid__": "cat_content_vancrzo7"
            },
            {
                "type": "uc_colorpicker",
                "title": "Button Label Color",
                "name": "button_label_color",
                "description": "",
                "enable_condition": false,
                "condition_attribute": "",
                "condition_operator": "equal",
                "condition_value": [],
                "condition_attribute2": "",
                "condition_operator2": "equal",
                "condition_value2": null,
                "label_block": false,
                "tabname": "",
                "default_value": "#ffffff",
                "selector": ".ue-carousel-nav-label",
                "selector_value": "color:{{VALUE}};",
                "show_more_selectors": false,
                "selector2": "",
                "selector2_value": "",
                "selector3": "",
                "selector3_value": "",
                "__attr_catid__": "cat_style_7klj54jz"
            },
            {
                "type": "uc_colorpicker",
                "title": "Button Label Color Hover",
                "name": "button_label_color_hover",
                "description": "",
                "enable_condition": false,
                "condition_attribute": "",
                "condition_operator": "equal",
                "condition_value": [],
                "condition_attribute2": "",
                "condition_operator2": "equal",
                "condition_value2": null,
                "label_block": false,
                "tabname": "",
                "default_value": "",
                "selector": ".ue-remote-arrow:hover .ue-carousel-nav-label",
                "selector_value": "color:{{VALUE}};",
                "show_more_selectors": false,
                "selector2": "",
                "selector2_value": "",
                "selector3": "",
                "selector3_value": "",
                "__attr_catid__": "cat_style_am1bq2ls"
            },
            {
                "type": "uc_colorpicker",
                "title": "Previous Button Color",
                "name": "previous_button_color",
                "description": "",
                "enable_condition": false,
                "condition_attribute": "",
                "condition_operator": "equal",
                "condition_value": null,
                "condition_attribute2": "",
                "condition_operator2": "equal",
                "condition_value2": null,
                "label_block": false,
                "tabname": "",
                "default_value": "",
                "selector": ".ue-carousel-prev .ue-carousel-nav-label",
                "selector_value": "color:{{VALUE}};",
                "show_more_selectors": false,
                "selector2": "",
                "selector2_value": "",
                "selector3": "",
                "selector3_value": "",
                "__attr_catid__": "cat_style_co8g3hvj"
            },
            {
                "type": "uc_colorpicker",
                "title": "Previous Button Color Hover",
                "name": "previous_button_color_hover",
                "description": "",
                "enable_condition": false,
                "condition_attribute": "",
                "condition_operator": "equal",
                "condition_value": null,
                "condition_attribute2": "",
                "condition_operator2": "equal",
                "condition_value2": null,
                "label_block": false,
                "tabname": "",
                "default_value": "",
                "selector": ".ue-carousel-prev:hover .ue-carousel-nav-label",
                "selector_value": "color:{{VALUE}};",
                "show_more_selectors": false,
                "selector2": "",
                "selector2_value": "",
                "selector3": "",
                "selector3_value": "",
                "__attr_catid__": "cat_style_uyv5d4gh"
            },
            {
                "type": "uc_colorpicker",
                "title": "Previous Button Icon Color",
                "name": "previous_button_icon_color",
                "description": "",
                "enable_condition": false,
                "condition_attribute": "",
                "condition_operator": "equal",
                "condition_value": null,
                "condition_attribute2": "",
                "condition_operator2": "equal",
                "condition_value2": null,
                "label_block": false,
                "tabname": "",
                "default_value": "",
                "selector": ".ue-carousel-prev .ue-carousel-nav-icon",
                "selector_value": "color:{{VALUE}};",
                "show_more_selectors": true,
                "selector2": ".ue-carousel-prev .ue-carousel-nav-icon svg",
                "selector2_value": "fill:{{VALUE}};",
                "selector3": "",
                "selector3_value": "",
                "__attr_catid__": "cat_style_co8g3hvj"
            },
            {
                "type": "uc_colorpicker",
                "title": "Previous Button Icon Color Hover",
                "name": "previous_button_icon_color_hover",
                "description": "",
                "enable_condition": false,
                "condition_attribute": "",
                "condition_operator": "equal",
                "condition_value": null,
                "condition_attribute2": "",
                "condition_operator2": "equal",
                "condition_value2": null,
                "label_block": false,
                "tabname": "",
                "default_value": "",
                "selector": ".ue-carousel-prev:hover .ue-carousel-nav-icon",
                "selector_value": "color:{{VALUE}};",
                "show_more_selectors": true,
                "selector2": ".ue-carousel-prev:hover .ue-carousel-nav-icon svg",
                "selector2_value": "fill:{{VALUE}};",
                "selector3": "",
                "selector3_value": "",
                "__attr_catid__": "cat_style_uyv5d4gh"
            },
            {
                "type": "uc_colorpicker",
                "title": "Previous Button Background",
                "name": "previous_button_background",
                "description": "",
                "enable_condition": false,
                "condition_attribute": "",
                "condition_operator": "equal",
                "condition_value": null,
                "condition_attribute2": "",
                "condition_operator2": "equal",
                "condition_value2": null,
                "label_block": false,
                "tabname": "",
                "default_value": "",
                "selector": ".ue-carousel-prev",
                "selector_value": "background-color:{{VALUE}};",
                "show_more_selectors": false,
                "selector2": "",
                "selector2_value": "",
                "selector3": "",
                "selector3_value": "",
                "__attr_catid__": "cat_style_co8g3hvj"
            },
            {
                "type": "uc_colorpicker",
                "title": "Previous Button Background Hover",
                "name": "previous_button_background_hover",
                "description": "",
                "enable_condition": false,
                "condition_attribute": "",
                "condition_operator": "equal",
                "condition_value": null,
                "condition_attribute2": "",
                "condition_operator2": "equal",
                "condition_value2": null,
                "label_block": false,
                "tabname": "",
                "default_value": "",
                "selector": ".ue-carousel-prev:hover",
                "selector_value": "background-color:{{VALUE}};",
                "show_more_selectors": false,
                "selector2": "",
                "selector2_value": "",
                "selector3": "",
                "selector3_value": "",
                "__attr_catid__": "cat_style_uyv5d4gh"
            },
            {
                "type": "uc_hr",
                "title": "hr",
                "name": "hr",
                "description": "",
                "enable_condition": false,
                "condition_attribute": "",
                "condition_operator": "equal",
                "condition_value": null,
                "condition_attribute2": "",
                "condition_operator2": "equal",
                "condition_value2": null,
                "label_block": false,
                "tabname": "",
                "__attr_catid__": "cat_style_co8g3hvj"
            },
            {
                "type": "uc_hr",
                "title": "hr",
                "name": "hr_copy",
                "description": "",
                "enable_condition": false,
                "condition_attribute": "",
                "condition_operator": "equal",
                "condition_value": null,
                "condition_attribute2": "",
                "condition_operator2": "equal",
                "condition_value2": null,
                "label_block": false,
                "tabname": "",
                "__attr_catid__": "cat_style_uyv5d4gh"
            },
            {
                "type": "uc_colorpicker",
                "title": "Next Button Color",
                "name": "next_button_color",
                "description": "",
                "enable_condition": false,
                "condition_attribute": "",
                "condition_operator": "equal",
                "condition_value": null,
                "condition_attribute2": "",
                "condition_operator2": "equal",
                "condition_value2": null,
                "label_block": false,
                "tabname": "",
                "default_value": "",
                "selector": ".ue-carousel-next .ue-carousel-nav-label",
                "selector_value": "color:{{VALUE}};",
                "show_more_selectors": false,
                "selector2": "",
                "selector2_value": "",
                "selector3": "",
                "selector3_value": "",
                "__attr_catid__": "cat_style_co8g3hvj"
            },
            {
                "type": "uc_colorpicker",
                "title": "Next Button Color Hover",
                "name": "next_button_color_hover",
                "description": "",
                "enable_condition": false,
                "condition_attribute": "",
                "condition_operator": "equal",
                "condition_value": null,
                "condition_attribute2": "",
                "condition_operator2": "equal",
                "condition_value2": null,
                "label_block": false,
                "tabname": "",
                "default_value": "",
                "selector": ".ue-carousel-next:hover .ue-carousel-nav-label",
                "selector_value": "color:{{VALUE}};",
                "show_more_selectors": false,
                "selector2": "",
                "selector2_value": "",
                "selector3": "",
                "selector3_value": "",
                "__attr_catid__": "cat_style_uyv5d4gh"
            },
            {
                "type": "uc_colorpicker",
                "title": "Next Button Icon Color",
                "name": "next_button_color_copy",
                "description": "",
                "enable_condition": false,
                "condition_attribute": "",
                "condition_operator": "equal",
                "condition_value": null,
                "condition_attribute2": "",
                "condition_operator2": "equal",
                "condition_value2": null,
                "label_block": false,
                "tabname": "",
                "default_value": "",
                "selector": ".ue-carousel-next .ue-carousel-nav-icon",
                "selector_value": "color:{{VALUE}};",
                "show_more_selectors": true,
                "selector2": ".ue-carousel-next .ue-carousel-nav-icon svg",
                "selector2_value": "fill:{{VALUE}};",
                "selector3": "",
                "selector3_value": "",
                "__attr_catid__": "cat_style_co8g3hvj"
            },
            {
                "type": "uc_colorpicker",
                "title": "Next Button Icon Color Hover",
                "name": "next_button_color_icon_hover",
                "description": "",
                "enable_condition": false,
                "condition_attribute": "",
                "condition_operator": "equal",
                "condition_value": null,
                "condition_attribute2": "",
                "condition_operator2": "equal",
                "condition_value2": null,
                "label_block": false,
                "tabname": "",
                "default_value": "",
                "selector": ".ue-carousel-next:hover .ue-carousel-nav-icon",
                "selector_value": "color:{{VALUE}};",
                "show_more_selectors": true,
                "selector2": ".ue-carousel-next:hover .ue-carousel-nav-icon svg",
                "selector2_value": "fill:{{VALUE}};",
                "selector3": "",
                "selector3_value": "",
                "__attr_catid__": "cat_style_uyv5d4gh"
            },
            {
                "type": "uc_colorpicker",
                "title": "Next Button Background",
                "name": "next_button_background",
                "description": "",
                "enable_condition": false,
                "condition_attribute": "",
                "condition_operator": "equal",
                "condition_value": null,
                "label_block": false,
                "default_value": "",
                "selector": ".ue-carousel-next",
                "selector_value": "background-color:{{VALUE}};",
                "show_more_selectors": false,
                "selector2": "",
                "selector2_value": "",
                "selector3": "",
                "selector3_value": "",
                "__attr_catid__": "cat_style_co8g3hvj"
            },
            {
                "type": "uc_colorpicker",
                "title": "Next Button Background Hover",
                "name": "next_button_background_hover",
                "description": "",
                "enable_condition": false,
                "condition_attribute": "",
                "condition_operator": "equal",
                "condition_value": null,
                "condition_attribute2": "",
                "condition_operator2": "equal",
                "condition_value2": null,
                "label_block": false,
                "tabname": "",
                "default_value": "",
                "selector": ".ue-carousel-next:hover",
                "selector_value": "background-color:{{VALUE}};",
                "show_more_selectors": false,
                "selector2": "",
                "selector2_value": "",
                "selector3": "",
                "selector3_value": "",
                "__attr_catid__": "cat_style_uyv5d4gh"
            },
            {
                "type": "uc_slider",
                "title": "Button Icon Size",
                "name": "button_icon_size",
                "description": "",
                "enable_condition": false,
                "condition_attribute": "",
                "condition_operator": "equal",
                "condition_value": null,
                "label_block": false,
                "default_value": "20",
                "min": "1",
                "max": "100",
                "step": "1",
                "units": "px",
                "is_responsive": true,
                "default_value_tablet": "",
                "default_value_mobile": "",
                "selector": ".ue-carousel-nav-icon",
                "selector_value": "font-size: {{SIZE}}{{UNIT}};",
                "show_more_selectors": false,
                "selector2": "",
                "selector2_value": "width: {{SIZE}}{{UNIT}};",
                "selector3": "",
                "selector3_value": "width: {{SIZE}}{{UNIT}};",
                "__attr_catid__": "cat_style_i8s232uo"
            },
            {
                "type": "uc_hover_animations",
                "title": "Hover Animation",
                "name": "hover_animation",
                "description": "",
                "enable_condition": false,
                "condition_attribute": "",
                "condition_operator": "equal",
                "condition_value": null,
                "label_block": false,
                "default_value": "",
                "__attr_catid__": "cat_style_am1bq2ls"
            },
            {
                "type": "uc_number",
                "title": "Button Gap",
                "name": "button_gap",
                "description": "",
                "enable_condition": false,
                "condition_attribute": "",
                "condition_operator": "equal",
                "condition_value": null,
                "condition_attribute2": "",
                "condition_operator2": "equal",
                "condition_value2": null,
                "label_block": false,
                "tabname": "",
                "default_value": "15",
                "unit": "px",
                "unit_custom": "",
                "min_value": "",
                "max_value": "",
                "step": "",
                "is_responsive": true,
                "default_value_tablet": "",
                "default_value_mobile": "",
                "selector": ".ue-remote-carousel-navigation",
                "selector_value": "gap:{{VALUE}}px;",
                "show_more_selectors": false,
                "selector2": "",
                "selector2_value": "",
                "selector3": "",
                "selector3_value": "",
                "__attr_catid__": "cat_general_general"
            },
            {
                "type": "uc_number",
                "title": "Label Spacing",
                "name": "label_spacing",
                "description": "",
                "enable_condition": false,
                "condition_attribute": "",
                "condition_operator": "equal",
                "condition_value": [],
                "condition_attribute2": "",
                "condition_operator2": "equal",
                "condition_value2": null,
                "label_block": false,
                "tabname": "",
                "default_value": "10",
                "unit": "px",
                "unit_custom": "",
                "min_value": "",
                "max_value": "",
                "step": "",
                "is_responsive": true,
                "default_value_tablet": "",
                "default_value_mobile": "",
                "selector": ".ue-remote-arrow",
                "selector_value": "gap:{{VALUE}}px;",
                "show_more_selectors": false,
                "selector2": "",
                "selector2_value": "",
                "selector3": "",
                "selector3_value": "",
                "__attr_catid__": "cat_content_vancrzo7"
            },
            {
                "type": "uc_margins",
                "title": "Button Margin",
                "name": "button_margin",
                "description": "",
                "enable_condition": false,
                "condition_attribute": "",
                "condition_operator": "equal",
                "condition_value": [],
                "condition_attribute2": "",
                "condition_operator2": "equal",
                "condition_value2": null,
                "label_block": false,
                "tabname": "",
                "is_responsive": true,
                "desktop_top": "",
                "desktop_right": "",
                "desktop_bottom": "",
                "desktop_left": "",
                "tablet_top": "",
                "tablet_right": "",
                "tablet_bottom": "",
                "tablet_left": "",
                "mobile_top": "",
                "mobile_right": "",
                "mobile_bottom": "",
                "mobile_left": "",
                "selector": ".ue-remote-arrow",
                "__attr_catid__": "cat_style_7klj54jz"
            },
            {
                "type": "uc_textfield",
                "title": "More Parent Names",
                "name": "add_parents",
                "description": "Type more parent names to control",
                "enable_condition": false,
                "condition_attribute": "",
                "condition_operator": "equal",
                "condition_value": [],
                "condition_attribute2": "",
                "condition_operator2": "equal",
                "condition_value2": null,
                "label_block": false,
                "tabname": "",
                "default_value": "",
                "font_editable": false,
                "placeholder": "",
                "disable_dynamic": false,
                "__attr_catid__": "cat_general_general"
            },
            {
                "type": "uc_radioboolean",
                "title": "Set Disable On First \/ Last",
                "name": "set_disable_on_first_last",
                "description": "",
                "enable_condition": true,
                "condition_attribute": "",
                "condition_operator": "equal",
                "condition_value": [],
                "condition_attribute2": "",
                "condition_operator2": "equal",
                "condition_value2": null,
                "label_block": false,
                "tabname": "",
                "default_value": "false",
                "true_name": "Yes",
                "true_value": "true",
                "false_name": "No",
                "false_value": "false",
                "is_responsive": false,
                "default_value_tablet": "",
                "default_value_mobile": "",
                "__attr_catid__": "cat_general_general"
            }
        ],
        "params_items": [
            {
                "type": "uc_textfield",
                "title": "Title",
                "name": "title",
                "description": "",
                "default_value": "",
                "limited_edit": true
            }
        ],
        "includes": {
            "js": [],
            "jslib": [
                "jquery",
                "font-awsome"
            ],
            "css": []
        },
        "variables_item": [],
        "variables_main": [],
        "params_cats": [
            {
                "id": "cat_general_general",
                "title": "General",
                "tab": "content"
            },
            {
                "id": "cat_content_vancrzo7",
                "title": "Labels",
                "tab": "content"
            },
            {
                "id": "cat_style_7klj54jz",
                "title": "Button",
                "tab": "style"
            },
            {
                "id": "cat_style_i8s232uo",
                "title": "Button Icon",
                "tab": "style"
            },
            {
                "id": "cat_style_am1bq2ls",
                "title": "Button Hover",
                "tab": "style"
            },
            {
                "id": "cat_style_co8g3hvj",
                "title": "Overrides",
                "tab": "style"
            },
            {
                "id": "cat_style_uyv5d4gh",
                "title": "Overrides Hover",
                "tab": "style"
            }
        ]
    },
    "templates": [
        "html",
        "css",
        "js"
    ]
}