{
    "addontype": "",
    "cattitle": "Creative Widgets",
    "name": "animated_mouse_scroll_icon",
    "alias": "",
    "title": "Animated Mouse Scroll Icon",
    "description": "The Animated Mouse Scroll Icon is a small micro animation to indicate to users they need to scroll down the page to view more. You can make the icon an anchor point that scrolls down to any section when clicked on.\n",
    "config": {
        "options": {
            "enable_items": "false",
            "items_section_title": "",
            "items_section_heading": "",
            "items_title_field": "",
            "path_assets": "animated_mouse_scroll_icon",
            "js_as_module": false,
            "addon_icon": "fas fa-mouse-pointer",
            "dynamic_addon": "false",
            "dynamic_post_enable_customfields": "false",
            "dynamic_post_enable_category": "false",
            "description": "The Animated Mouse Scroll Icon is a small micro animation to indicate to users they need to scroll down the page to view more. You can make the icon an anchor point that scrolls down to any section when clicked on.\n",
            "link_resource": "https:\/\/unlimited-elements.com\/docs\/animated-mouse-scroll-icon\/",
            "link_preview": "https:\/\/unlimited-elements.com\/animated-mouse-scroll-icon-widget-for-elementor\/",
            "show_small_icon": "true",
            "preview_size_unite_selected_text": "Full Size",
            "preview_size": "full",
            "preview_custom_width": "",
            "preview_bgcol": "#ffffff",
            "special": "",
            "special_data": "",
            "is_free_addon": true,
            "is_new_addon": false,
            "is_last_updated": false,
            "is_trending": false
        },
        "params": [
            {
                "type": "uc_dropdown",
                "title": "Alignment",
                "name": "alignment",
                "description": "",
                "options": {
                    "Center": "center",
                    "Left": "left",
                    "Right": "right"
                },
                "default_value": "center",
                "__attr_catid__": "cat_style_e39pin3y"
            },
            {
                "type": "uc_colorpicker",
                "title": "Color",
                "name": "color",
                "description": "",
                "default_value": "#000000",
                "selector": ".mousey",
                "selector_value": "border-color:{{VALUE}};",
                "__attr_catid__": "cat_style_e39pin3y"
            },
            {
                "type": "uc_radioboolean",
                "title": "Enable Link",
                "name": "enable_link",
                "description": "",
                "default_value": "true",
                "true_name": "Yes",
                "true_value": "true",
                "false_name": "No",
                "false_value": "false",
                "__attr_catid__": "cat_general_general"
            },
            {
                "type": "uc_link",
                "title": "Link",
                "name": "link",
                "description": "",
                "default_value": "#",
                "__attr_catid__": "cat_general_general"
            },
            {
                "type": "uc_slider",
                "title": "Height",
                "name": "height",
                "description": "",
                "default_value": "40",
                "min": "25",
                "max": "100",
                "step": "1",
                "units": "px",
                "is_responsive": true,
                "default_value_tablet": "",
                "default_value_mobile": "",
                "selector": ".mousey",
                "selector_value": "height: {{SIZE}}{{UNIT}};",
                "__attr_catid__": "cat_style_e39pin3y"
            },
            {
                "type": "uc_slider",
                "title": "Width",
                "name": "width",
                "description": "",
                "default_value": "25",
                "min": "10",
                "max": "100",
                "step": "1",
                "units": "px",
                "is_responsive": true,
                "default_value_tablet": "",
                "default_value_mobile": "",
                "selector": ".mousey",
                "selector_value": "width: {{SIZE}}{{UNIT}};",
                "__attr_catid__": "cat_style_e39pin3y"
            },
            {
                "type": "uc_slider",
                "title": "Scroller Width",
                "name": "scroller_width",
                "description": "",
                "default_value": "3",
                "min": "1",
                "max": "100",
                "step": "1",
                "units": "px",
                "is_responsive": true,
                "default_value_tablet": "",
                "default_value_mobile": "",
                "selector": ".scroller",
                "selector_value": "width: {{SIZE}}{{UNIT}};",
                "__attr_catid__": "cat_style_xe1289fx"
            },
            {
                "type": "uc_slider",
                "title": "Scroller Height",
                "name": "scroller_height",
                "description": "",
                "default_value": "10",
                "min": "1",
                "max": "100",
                "step": "1",
                "units": "px",
                "is_responsive": true,
                "default_value_tablet": "",
                "default_value_mobile": "",
                "selector": ".scroller",
                "selector_value": "height: {{SIZE}}{{UNIT}};",
                "__attr_catid__": "cat_style_xe1289fx"
            },
            {
                "type": "uc_slider",
                "title": "Scroller Space from Top",
                "name": "scroller_space_from_top",
                "description": "",
                "default_value": "0",
                "min": "0",
                "max": "100",
                "step": "1",
                "units": "px",
                "is_responsive": true,
                "default_value_tablet": "",
                "default_value_mobile": "",
                "selector": ".scroller",
                "selector_value": "margin-top: {{SIZE}}{{UNIT}};",
                "__attr_catid__": "cat_style_xe1289fx"
            },
            {
                "type": "uc_colorpicker",
                "title": "Scroller Color",
                "name": "scroller_color",
                "description": "",
                "default_value": "#000000",
                "selector": ".scroller",
                "selector_value": "background-color:{{VALUE}};",
                "__attr_catid__": "cat_style_xe1289fx"
            },
            {
                "type": "uc_slider",
                "title": "Border Width",
                "name": "border_width",
                "description": "",
                "default_value": "2",
                "min": "1",
                "max": "100",
                "step": "1",
                "units": "px",
                "is_responsive": true,
                "default_value_tablet": "",
                "default_value_mobile": "",
                "selector": ".mousey",
                "selector_value": "border-width: {{SIZE}}{{UNIT}};",
                "__attr_catid__": "cat_style_e39pin3y"
            },
            {
                "type": "uc_slider",
                "title": "Border Radius",
                "name": "border_radius",
                "description": "",
                "default_value": "50",
                "min": "1",
                "max": "100",
                "step": "1",
                "units": "px",
                "is_responsive": true,
                "default_value_tablet": "",
                "default_value_mobile": "",
                "selector": ".mousey",
                "selector_value": "border-radius: {{SIZE}}{{UNIT}};",
                "__attr_catid__": "cat_style_e39pin3y"
            }
        ],
        "params_items": [
            {
                "type": "uc_textfield",
                "title": "Title",
                "name": "title",
                "description": "",
                "default_value": "",
                "limited_edit": "true"
            }
        ],
        "includes": {
            "js": [],
            "jslib": [],
            "css": []
        },
        "variables_item": [],
        "variables_main": [],
        "params_cats": [
            {
                "id": "cat_general_general",
                "title": "General",
                "tab": "content"
            },
            {
                "id": "cat_style_e39pin3y",
                "title": "Style",
                "tab": "style"
            },
            {
                "id": "cat_style_xe1289fx",
                "title": "Scroller",
                "tab": "style"
            }
        ]
    },
    "templates": [
        "html",
        "css"
    ]
}